-- phpMyAdmin SQL Dump
-- version 5.2.1
-- https://www.phpmyadmin.net/
--
-- Servidor: brakerwh6icdoo3gzlcn-mysql.services.clever-cloud.com:3306
-- Tiempo de generación: 28-11-2024 a las 14:35:08
-- Versión del servidor: 8.0.22-13
-- Versión de PHP: 8.2.21

SET SQL_MODE = "NO_AUTO_VALUE_ON_ZERO";
START TRANSACTION;
SET time_zone = "+00:00";


/*!40101 SET @OLD_CHARACTER_SET_CLIENT=@@CHARACTER_SET_CLIENT */;
/*!40101 SET @OLD_CHARACTER_SET_RESULTS=@@CHARACTER_SET_RESULTS */;
/*!40101 SET @OLD_COLLATION_CONNECTION=@@COLLATION_CONNECTION */;
/*!40101 SET NAMES utf8mb4 */;

--
-- Base de datos: `brakerwh6icdoo3gzlcn`
--

-- --------------------------------------------------------

--
-- Estructura de tabla para la tabla `agenda`
--

CREATE TABLE `agenda` (
  `agendaid` int NOT NULL,
  `persona_id` int NOT NULL,
  `sucursal_id` int NOT NULL,
  `ttipoid` int NOT NULL,
  `nombreagenda` varchar(100) CHARACTER SET latin1 COLLATE latin1_swedish_ci NOT NULL,
  `duracion` int NOT NULL,
  `medico_id` int NOT NULL,
  `estado` tinyint NOT NULL DEFAULT '1',
  `createdAt` datetime NOT NULL,
  `updateAt` datetime NOT NULL
) ENGINE=InnoDB DEFAULT CHARSET=utf8mb4 COLLATE=utf8mb4_general_ci;

--
-- Volcado de datos para la tabla `agenda`
--

INSERT INTO `agenda` (`agendaid`, `persona_id`, `sucursal_id`, `ttipoid`, `nombreagenda`, `duracion`, `medico_id`, `estado`, `createdAt`, `updateAt`) VALUES
(46, 20, 1, 2, 'Agenda Jose Marco', 45, 4, 1, '2024-11-14 13:11:06', '2024-11-15 00:39:38'),
(47, 20, 2, 2, 'Agenda Jose Marco', 15, 4, 1, '2024-11-14 14:13:01', '2024-11-14 14:13:01'),
(48, 26, 1, 2, 'Agenda sofia saens', 30, 8, 1, '2024-11-14 15:15:53', '2024-11-14 15:15:53'),
(49, 25, 2, 3, 'Agenda jorge panzudo', 45, 7, 1, '2024-11-14 19:11:29', '2024-11-14 19:11:29'),
(50, 25, 1, 4, 'Agenda jorge panzudo', 60, 7, 1, '2024-11-14 21:06:24', '2024-11-14 21:06:24'),
(51, 23, 1, 2, 'Agenda ruben jaurez', 15, 5, 1, '2024-11-15 00:40:19', '2024-11-27 20:14:51'),
(52, 20, 1, 2, 'Agenda Jose Marco', 30, 4, 1, '2024-11-23 19:39:45', '2024-11-23 19:39:45'),
(53, 25, 1, 2, 'Agenda jorge panzudo', 15, 7, 1, '2024-11-27 20:10:16', '2024-11-27 20:10:16'),
(54, 20, 1, 2, 'Agenda Jose Marco', 60, 4, 1, '2024-11-28 04:14:51', '2024-11-28 04:14:51');

-- --------------------------------------------------------

--
-- Estructura de tabla para la tabla `calendar`
--

CREATE TABLE `calendar` (
  `calendarid` int NOT NULL,
  `agendaid` int NOT NULL,
  `fechaturno` date NOT NULL,
  `inicioturno` time NOT NULL,
  `finalturno` time NOT NULL,
  `estado` tinyint NOT NULL,
  `createdAt` datetime NOT NULL,
  `updateAt` datetime NOT NULL,
  `es_sobreturno` tinyint DEFAULT '0'
) ENGINE=InnoDB DEFAULT CHARSET=utf8mb4 COLLATE=utf8mb4_general_ci;

--
-- Volcado de datos para la tabla `calendar`
--

INSERT INTO `calendar` (`calendarid`, `agendaid`, `fechaturno`, `inicioturno`, `finalturno`, `estado`, `createdAt`, `updateAt`, `es_sobreturno`) VALUES
(281, 46, '2024-11-14', '10:00:00', '10:45:00', 1, '2024-11-14 13:11:43', '2024-11-15 00:39:38', 0),
(282, 46, '2024-11-14', '10:45:00', '11:30:00', 1, '2024-11-14 13:11:44', '2024-11-15 00:39:38', 0),
(283, 46, '2024-11-14', '11:30:00', '12:15:00', 1, '2024-11-14 13:11:44', '2024-11-15 00:39:38', 0),
(284, 46, '2024-11-14', '12:15:00', '13:00:00', 1, '2024-11-14 13:11:44', '2024-11-15 00:39:38', 0),
(285, 46, '2024-11-14', '13:00:00', '13:45:00', 1, '2024-11-14 13:11:45', '2024-11-15 00:39:38', 0),
(286, 46, '2024-11-14', '13:45:00', '14:30:00', 1, '2024-11-14 13:11:45', '2024-11-15 00:39:38', 0),
(287, 46, '2024-11-14', '14:30:00', '15:15:00', 1, '2024-11-14 13:11:45', '2024-11-15 00:39:38', 0),
(288, 46, '2024-11-15', '10:00:00', '10:45:00', 1, '2024-11-14 13:11:45', '2024-11-15 00:39:38', 0),
(289, 46, '2024-11-15', '10:45:00', '11:30:00', 1, '2024-11-14 13:11:46', '2024-11-15 00:39:38', 0),
(290, 46, '2024-11-15', '11:30:00', '12:15:00', 1, '2024-11-14 13:11:46', '2024-11-15 00:39:38', 0),
(291, 46, '2024-11-15', '12:15:00', '13:00:00', 1, '2024-11-14 13:11:46', '2024-11-15 00:39:38', 0),
(292, 46, '2024-11-15', '13:00:00', '13:45:00', 1, '2024-11-14 13:11:46', '2024-11-15 00:39:38', 0),
(293, 46, '2024-11-15', '13:45:00', '14:30:00', 1, '2024-11-14 13:11:47', '2024-11-15 00:39:38', 0),
(294, 46, '2024-11-15', '14:30:00', '15:15:00', 1, '2024-11-14 13:11:47', '2024-11-15 00:39:38', 0),
(295, 46, '2024-11-18', '10:00:00', '10:45:00', 1, '2024-11-14 13:11:47', '2024-11-15 00:39:38', 0),
(296, 46, '2024-11-18', '10:45:00', '11:30:00', 1, '2024-11-14 13:11:48', '2024-11-15 00:39:38', 0),
(297, 46, '2024-11-18', '11:30:00', '12:15:00', 1, '2024-11-14 13:11:48', '2024-11-15 00:39:38', 0),
(298, 46, '2024-11-18', '12:15:00', '13:00:00', 1, '2024-11-14 13:11:48', '2024-11-15 00:39:38', 0),
(299, 46, '2024-11-18', '13:00:00', '13:45:00', 1, '2024-11-14 13:11:48', '2024-11-15 00:39:38', 0),
(300, 46, '2024-11-18', '13:45:00', '14:30:00', 1, '2024-11-14 13:11:49', '2024-11-15 00:39:38', 0),
(301, 46, '2024-11-18', '14:30:00', '15:15:00', 1, '2024-11-14 13:11:49', '2024-11-15 00:39:38', 0),
(302, 46, '2024-11-19', '10:00:00', '10:45:00', 1, '2024-11-14 13:11:49', '2024-11-15 00:39:38', 0),
(303, 46, '2024-11-19', '10:45:00', '11:30:00', 1, '2024-11-14 13:11:50', '2024-11-15 00:39:38', 0),
(304, 46, '2024-11-19', '11:30:00', '12:15:00', 1, '2024-11-14 13:11:50', '2024-11-15 00:39:38', 0),
(305, 46, '2024-11-19', '12:15:00', '13:00:00', 1, '2024-11-14 13:11:50', '2024-11-15 00:39:38', 0),
(306, 46, '2024-11-19', '13:00:00', '13:45:00', 1, '2024-11-14 13:11:51', '2024-11-15 00:39:38', 0),
(307, 46, '2024-11-19', '13:45:00', '14:30:00', 1, '2024-11-14 13:11:51', '2024-11-15 00:39:38', 0),
(308, 46, '2024-11-19', '14:30:00', '15:15:00', 1, '2024-11-14 13:11:51', '2024-11-15 00:39:38', 0),
(309, 46, '2024-11-20', '10:00:00', '10:45:00', 1, '2024-11-14 13:11:51', '2024-11-15 00:39:38', 0),
(310, 46, '2024-11-20', '10:45:00', '11:30:00', 1, '2024-11-14 13:11:52', '2024-11-15 00:39:38', 0),
(311, 46, '2024-11-20', '11:30:00', '12:15:00', 1, '2024-11-14 13:11:52', '2024-11-15 00:39:38', 0),
(312, 46, '2024-11-20', '12:15:00', '13:00:00', 1, '2024-11-14 13:11:52', '2024-11-15 00:39:38', 0),
(313, 46, '2024-11-20', '13:00:00', '13:45:00', 1, '2024-11-14 13:11:52', '2024-11-15 00:39:38', 0),
(314, 46, '2024-11-20', '13:45:00', '14:30:00', 1, '2024-11-14 13:11:53', '2024-11-15 00:39:38', 0),
(315, 46, '2024-11-20', '14:30:00', '15:15:00', 1, '2024-11-14 13:11:53', '2024-11-15 00:39:38', 0),
(316, 46, '2024-11-21', '10:00:00', '10:45:00', 1, '2024-11-14 13:11:53', '2024-11-15 00:39:38', 0),
(317, 46, '2024-11-21', '10:45:00', '11:30:00', 1, '2024-11-14 13:11:53', '2024-11-15 00:39:38', 0),
(318, 46, '2024-11-21', '11:30:00', '12:15:00', 1, '2024-11-14 13:11:54', '2024-11-15 00:39:38', 0),
(319, 46, '2024-11-21', '12:15:00', '13:00:00', 1, '2024-11-14 13:11:54', '2024-11-15 00:39:38', 0),
(320, 46, '2024-11-21', '13:00:00', '13:45:00', 1, '2024-11-14 13:11:54', '2024-11-15 00:39:38', 0),
(321, 46, '2024-11-21', '13:45:00', '14:30:00', 1, '2024-11-14 13:11:54', '2024-11-15 00:39:38', 0),
(322, 46, '2024-11-21', '14:30:00', '15:15:00', 1, '2024-11-14 13:11:55', '2024-11-15 00:39:38', 0),
(323, 46, '2024-11-22', '10:00:00', '10:45:00', 2, '2024-11-14 13:11:55', '2024-11-15 00:39:38', 0),
(324, 46, '2024-11-22', '10:45:00', '11:30:00', 1, '2024-11-14 13:11:55', '2024-11-15 00:39:38', 0),
(325, 46, '2024-11-22', '11:30:00', '12:15:00', 1, '2024-11-14 13:11:56', '2024-11-15 00:39:38', 0),
(326, 46, '2024-11-22', '12:15:00', '13:00:00', 1, '2024-11-14 13:11:56', '2024-11-15 00:39:38', 0),
(327, 46, '2024-11-22', '13:00:00', '13:45:00', 1, '2024-11-14 13:11:56', '2024-11-15 00:39:38', 0),
(328, 46, '2024-11-22', '13:45:00', '14:30:00', 1, '2024-11-14 13:11:56', '2024-11-15 00:39:38', 0),
(329, 46, '2024-11-22', '14:30:00', '15:15:00', 1, '2024-11-14 13:11:57', '2024-11-15 00:39:38', 0),
(330, 46, '2024-11-25', '10:00:00', '10:45:00', 2, '2024-11-14 13:11:57', '2024-11-15 00:39:38', 0),
(331, 46, '2024-11-25', '10:45:00', '11:30:00', 2, '2024-11-14 13:11:57', '2024-11-15 00:39:38', 0),
(332, 46, '2024-11-25', '11:30:00', '12:15:00', 2, '2024-11-14 13:11:57', '2024-11-15 00:39:38', 0),
(333, 46, '2024-11-25', '12:15:00', '13:00:00', 1, '2024-11-14 13:11:58', '2024-11-15 00:39:38', 0),
(334, 46, '2024-11-25', '13:00:00', '13:45:00', 1, '2024-11-14 13:11:58', '2024-11-15 00:39:38', 0),
(335, 46, '2024-11-25', '13:45:00', '14:30:00', 1, '2024-11-14 13:11:58', '2024-11-15 00:39:38', 0),
(336, 46, '2024-11-25', '14:30:00', '15:15:00', 1, '2024-11-14 13:11:59', '2024-11-15 00:39:38', 0),
(337, 46, '2024-11-26', '10:00:00', '10:45:00', 1, '2024-11-14 13:11:59', '2024-11-15 00:39:38', 0),
(338, 46, '2024-11-26', '10:45:00', '11:30:00', 2, '2024-11-14 13:11:59', '2024-11-15 00:39:38', 0),
(339, 46, '2024-11-26', '11:30:00', '12:15:00', 1, '2024-11-14 13:11:59', '2024-11-15 00:39:38', 0),
(340, 46, '2024-11-26', '12:15:00', '13:00:00', 1, '2024-11-14 13:12:00', '2024-11-15 00:39:38', 0),
(341, 46, '2024-11-26', '13:00:00', '13:45:00', 1, '2024-11-14 13:12:00', '2024-11-15 00:39:38', 0),
(342, 46, '2024-11-26', '13:45:00', '14:30:00', 1, '2024-11-14 13:12:00', '2024-11-15 00:39:38', 0),
(343, 46, '2024-11-26', '14:30:00', '15:15:00', 1, '2024-11-14 13:12:01', '2024-11-15 00:39:38', 0),
(344, 46, '2024-11-27', '10:00:00', '10:45:00', 2, '2024-11-14 13:12:01', '2024-11-15 00:39:38', 0),
(345, 46, '2024-11-27', '10:45:00', '11:30:00', 1, '2024-11-14 13:12:01', '2024-11-15 00:39:38', 0),
(346, 46, '2024-11-27', '11:30:00', '12:15:00', 1, '2024-11-14 13:12:01', '2024-11-15 00:39:38', 0),
(347, 46, '2024-11-27', '12:15:00', '13:00:00', 1, '2024-11-14 13:12:02', '2024-11-15 00:39:38', 0),
(348, 46, '2024-11-27', '13:00:00', '13:45:00', 1, '2024-11-14 13:12:02', '2024-11-15 00:39:38', 0),
(349, 46, '2024-11-27', '13:45:00', '14:30:00', 2, '2024-11-14 13:12:02', '2024-11-15 00:39:38', 0),
(350, 46, '2024-11-27', '14:30:00', '15:15:00', 1, '2024-11-14 13:12:03', '2024-11-15 00:39:38', 0),
(351, 46, '2024-11-28', '10:00:00', '10:45:00', 2, '2024-11-14 13:12:03', '2024-11-15 00:39:38', 0),
(352, 46, '2024-11-28', '10:45:00', '11:30:00', 1, '2024-11-14 13:12:03', '2024-11-15 00:39:38', 0),
(353, 46, '2024-11-28', '11:30:00', '12:15:00', 1, '2024-11-14 13:12:03', '2024-11-15 00:39:38', 0),
(354, 46, '2024-11-28', '12:15:00', '13:00:00', 1, '2024-11-14 13:12:04', '2024-11-15 00:39:38', 0),
(355, 46, '2024-11-28', '13:00:00', '13:45:00', 1, '2024-11-14 13:12:04', '2024-11-15 00:39:38', 0),
(356, 46, '2024-11-28', '13:45:00', '14:30:00', 2, '2024-11-14 13:12:04', '2024-11-15 00:39:38', 0),
(357, 46, '2024-11-28', '14:30:00', '15:15:00', 2, '2024-11-14 13:12:04', '2024-11-15 00:39:38', 0),
(358, 48, '2024-11-21', '12:00:00', '12:30:00', 2, '2024-11-14 15:17:55', '2024-11-14 15:17:55', 0),
(359, 48, '2024-11-21', '12:30:00', '13:00:00', 2, '2024-11-14 15:17:56', '2024-11-14 15:17:56', 0),
(360, 48, '2024-11-21', '13:00:00', '13:30:00', 1, '2024-11-14 15:17:56', '2024-11-14 15:17:56', 0),
(361, 48, '2024-11-21', '13:30:00', '14:00:00', 2, '2024-11-14 15:17:56', '2024-11-14 15:17:56', 0),
(362, 48, '2024-11-21', '14:00:00', '14:30:00', 2, '2024-11-14 15:17:56', '2024-11-14 15:17:56', 0),
(363, 48, '2024-11-21', '14:30:00', '15:00:00', 1, '2024-11-14 15:17:56', '2024-11-14 15:17:56', 0),
(364, 48, '2024-11-21', '15:00:00', '15:30:00', 2, '2024-11-14 15:17:56', '2024-11-14 15:17:56', 0),
(365, 48, '2024-11-21', '15:30:00', '16:00:00', 1, '2024-11-14 15:17:56', '2024-11-14 15:17:56', 0),
(366, 49, '2024-11-18', '16:11:00', '16:56:00', 2, '2024-11-14 19:11:57', '2024-11-14 19:11:57', 0),
(367, 49, '2024-11-18', '16:56:00', '17:41:00', 2, '2024-11-14 19:11:57', '2024-11-14 19:11:57', 0),
(368, 49, '2024-11-18', '17:41:00', '18:26:00', 2, '2024-11-14 19:11:57', '2024-11-14 19:11:57', 0),
(369, 49, '2024-11-25', '16:11:00', '16:56:00', 2, '2024-11-14 19:11:58', '2024-11-14 19:11:58', 0),
(370, 49, '2024-11-25', '16:56:00', '17:41:00', 1, '2024-11-14 19:11:58', '2024-11-14 19:11:58', 0),
(371, 49, '2024-11-25', '17:41:00', '18:26:00', 2, '2024-11-14 19:11:58', '2024-11-14 19:11:58', 0),
(372, 52, '2024-11-23', '16:39:00', '17:09:00', 2, '2024-11-23 19:40:04', '2024-11-23 19:40:04', 0),
(373, 52, '2024-11-23', '17:09:00', '17:39:00', 1, '2024-11-23 19:40:04', '2024-11-23 19:40:04', 0),
(374, 52, '2024-11-23', '17:39:00', '18:09:00', 1, '2024-11-23 19:40:04', '2024-11-23 19:40:04', 0),
(375, 53, '2024-11-27', '10:00:00', '10:15:00', 1, '2024-11-27 20:11:19', '2024-11-27 20:11:19', 0),
(376, 53, '2024-11-27', '10:15:00', '10:30:00', 1, '2024-11-27 20:11:19', '2024-11-27 20:11:19', 0),
(377, 53, '2024-11-27', '10:30:00', '10:45:00', 1, '2024-11-27 20:11:19', '2024-11-27 20:11:19', 0),
(378, 53, '2024-11-27', '10:45:00', '11:00:00', 1, '2024-11-27 20:11:20', '2024-11-27 20:11:20', 0),
(379, 53, '2024-11-27', '11:00:00', '11:15:00', 1, '2024-11-27 20:11:20', '2024-11-27 20:11:20', 0),
(380, 53, '2024-11-27', '11:15:00', '11:30:00', 2, '2024-11-27 20:11:20', '2024-11-27 20:11:20', 0),
(381, 53, '2024-11-27', '11:30:00', '11:45:00', 1, '2024-11-27 20:11:20', '2024-11-27 20:11:20', 0),
(382, 53, '2024-11-27', '11:45:00', '12:00:00', 1, '2024-11-27 20:11:21', '2024-11-27 20:11:21', 0),
(383, 53, '2024-11-27', '12:00:00', '12:15:00', 1, '2024-11-27 20:11:21', '2024-11-27 20:11:21', 0),
(384, 53, '2024-11-27', '12:15:00', '12:30:00', 1, '2024-11-27 20:11:21', '2024-11-27 20:11:21', 0),
(385, 53, '2024-11-27', '12:30:00', '12:45:00', 1, '2024-11-27 20:11:21', '2024-11-27 20:11:21', 0),
(386, 53, '2024-11-27', '12:45:00', '13:00:00', 1, '2024-11-27 20:11:22', '2024-11-27 20:11:22', 0),
(387, 53, '2024-11-27', '13:00:00', '13:15:00', 1, '2024-11-27 20:11:22', '2024-11-27 20:11:22', 0),
(388, 53, '2024-11-27', '13:15:00', '13:30:00', 1, '2024-11-27 20:11:22', '2024-11-27 20:11:22', 0),
(389, 53, '2024-11-27', '13:30:00', '13:45:00', 1, '2024-11-27 20:11:22', '2024-11-27 20:11:22', 0),
(390, 53, '2024-11-27', '13:45:00', '14:00:00', 1, '2024-11-27 20:11:23', '2024-11-27 20:11:23', 0),
(391, 53, '2024-11-27', '14:00:00', '14:15:00', 1, '2024-11-27 20:11:23', '2024-11-27 20:11:23', 0),
(392, 53, '2024-11-27', '14:15:00', '14:30:00', 1, '2024-11-27 20:11:23', '2024-11-27 20:11:23', 0),
(393, 53, '2024-11-27', '14:30:00', '14:45:00', 1, '2024-11-27 20:11:23', '2024-11-27 20:11:23', 0),
(394, 53, '2024-11-27', '14:45:00', '15:00:00', 1, '2024-11-27 20:11:24', '2024-11-27 20:11:24', 0),
(395, 53, '2024-11-27', '15:00:00', '15:15:00', 1, '2024-11-27 20:11:24', '2024-11-27 20:11:24', 0),
(396, 53, '2024-11-27', '15:15:00', '15:30:00', 1, '2024-11-27 20:11:24', '2024-11-27 20:11:24', 0),
(397, 53, '2024-11-27', '15:30:00', '15:45:00', 1, '2024-11-27 20:11:24', '2024-11-27 20:11:24', 0),
(398, 53, '2024-11-27', '15:45:00', '16:00:00', 1, '2024-11-27 20:11:25', '2024-11-27 20:11:25', 0),
(399, 53, '2024-11-27', '16:00:00', '16:15:00', 1, '2024-11-27 20:11:25', '2024-11-27 20:11:25', 0),
(400, 53, '2024-11-27', '16:15:00', '16:30:00', 1, '2024-11-27 20:11:25', '2024-11-27 20:11:25', 0),
(401, 53, '2024-11-27', '16:30:00', '16:45:00', 1, '2024-11-27 20:11:25', '2024-11-27 20:11:25', 0),
(402, 53, '2024-11-27', '16:45:00', '17:00:00', 1, '2024-11-27 20:11:26', '2024-11-27 20:11:26', 0),
(403, 53, '2024-11-27', '17:00:00', '17:15:00', 1, '2024-11-27 20:11:26', '2024-11-27 20:11:26', 0),
(404, 53, '2024-11-27', '17:15:00', '17:30:00', 1, '2024-11-27 20:11:26', '2024-11-27 20:11:26', 0),
(405, 53, '2024-11-27', '17:30:00', '17:45:00', 1, '2024-11-27 20:11:26', '2024-11-27 20:11:26', 0),
(406, 53, '2024-11-27', '17:45:00', '18:00:00', 1, '2024-11-27 20:11:27', '2024-11-27 20:11:27', 0),
(407, 53, '2024-11-28', '10:00:00', '10:15:00', 1, '2024-11-27 20:11:27', '2024-11-27 20:11:27', 0),
(408, 53, '2024-11-28', '10:15:00', '10:30:00', 1, '2024-11-27 20:11:27', '2024-11-27 20:11:27', 0),
(409, 53, '2024-11-28', '10:30:00', '10:45:00', 1, '2024-11-27 20:11:27', '2024-11-27 20:11:27', 0),
(410, 53, '2024-11-28', '10:45:00', '11:00:00', 1, '2024-11-27 20:11:28', '2024-11-27 20:11:28', 0),
(411, 53, '2024-11-28', '11:00:00', '11:15:00', 1, '2024-11-27 20:11:28', '2024-11-27 20:11:28', 0),
(412, 53, '2024-11-28', '11:15:00', '11:30:00', 1, '2024-11-27 20:11:28', '2024-11-27 20:11:28', 0),
(413, 53, '2024-11-28', '11:30:00', '11:45:00', 1, '2024-11-27 20:11:28', '2024-11-27 20:11:28', 0),
(414, 53, '2024-11-28', '11:45:00', '12:00:00', 1, '2024-11-27 20:11:29', '2024-11-27 20:11:29', 0),
(415, 53, '2024-11-28', '12:00:00', '12:15:00', 1, '2024-11-27 20:11:29', '2024-11-27 20:11:29', 0),
(416, 53, '2024-11-28', '12:15:00', '12:30:00', 1, '2024-11-27 20:11:29', '2024-11-27 20:11:29', 0),
(417, 53, '2024-11-28', '12:30:00', '12:45:00', 1, '2024-11-27 20:11:29', '2024-11-27 20:11:29', 0),
(418, 53, '2024-11-28', '12:45:00', '13:00:00', 1, '2024-11-27 20:11:30', '2024-11-27 20:11:30', 0),
(419, 53, '2024-11-28', '13:00:00', '13:15:00', 1, '2024-11-27 20:11:30', '2024-11-27 20:11:30', 0),
(420, 53, '2024-11-28', '13:15:00', '13:30:00', 1, '2024-11-27 20:11:30', '2024-11-27 20:11:30', 0),
(421, 53, '2024-11-28', '13:30:00', '13:45:00', 1, '2024-11-27 20:11:30', '2024-11-27 20:11:30', 0),
(422, 53, '2024-11-28', '13:45:00', '14:00:00', 1, '2024-11-27 20:11:31', '2024-11-27 20:11:31', 0),
(423, 53, '2024-11-28', '14:00:00', '14:15:00', 1, '2024-11-27 20:11:31', '2024-11-27 20:11:31', 0),
(424, 53, '2024-11-28', '14:15:00', '14:30:00', 1, '2024-11-27 20:11:31', '2024-11-27 20:11:31', 0),
(425, 53, '2024-11-28', '14:30:00', '14:45:00', 1, '2024-11-27 20:11:31', '2024-11-27 20:11:31', 0),
(426, 53, '2024-11-28', '14:45:00', '15:00:00', 1, '2024-11-27 20:11:32', '2024-11-27 20:11:32', 0),
(427, 53, '2024-11-28', '15:00:00', '15:15:00', 1, '2024-11-27 20:11:32', '2024-11-27 20:11:32', 0),
(428, 53, '2024-11-28', '15:15:00', '15:30:00', 1, '2024-11-27 20:11:32', '2024-11-27 20:11:32', 0),
(429, 53, '2024-11-28', '15:30:00', '15:45:00', 1, '2024-11-27 20:11:32', '2024-11-27 20:11:32', 0),
(430, 53, '2024-11-28', '15:45:00', '16:00:00', 1, '2024-11-27 20:11:33', '2024-11-27 20:11:33', 0),
(431, 53, '2024-11-28', '16:00:00', '16:15:00', 1, '2024-11-27 20:11:33', '2024-11-27 20:11:33', 0),
(432, 53, '2024-11-28', '16:15:00', '16:30:00', 1, '2024-11-27 20:11:33', '2024-11-27 20:11:33', 0),
(433, 53, '2024-11-28', '16:30:00', '16:45:00', 1, '2024-11-27 20:11:33', '2024-11-27 20:11:33', 0),
(434, 53, '2024-11-28', '16:45:00', '17:00:00', 1, '2024-11-27 20:11:34', '2024-11-27 20:11:34', 0),
(435, 53, '2024-11-28', '17:00:00', '17:15:00', 1, '2024-11-27 20:11:34', '2024-11-27 20:11:34', 0),
(436, 53, '2024-11-28', '17:15:00', '17:30:00', 1, '2024-11-27 20:11:34', '2024-11-27 20:11:34', 0),
(437, 53, '2024-11-28', '17:30:00', '17:45:00', 1, '2024-11-27 20:11:34', '2024-11-27 20:11:34', 0),
(438, 53, '2024-11-28', '17:45:00', '18:00:00', 1, '2024-11-27 20:11:35', '2024-11-27 20:11:35', 0),
(439, 53, '2024-11-29', '10:00:00', '10:15:00', 1, '2024-11-27 20:11:35', '2024-11-27 20:11:35', 0),
(440, 53, '2024-11-29', '10:15:00', '10:30:00', 1, '2024-11-27 20:11:35', '2024-11-27 20:11:35', 0),
(441, 53, '2024-11-29', '10:30:00', '10:45:00', 1, '2024-11-27 20:11:35', '2024-11-27 20:11:35', 0),
(442, 53, '2024-11-29', '10:45:00', '11:00:00', 1, '2024-11-27 20:11:36', '2024-11-27 20:11:36', 0),
(443, 53, '2024-11-29', '11:00:00', '11:15:00', 1, '2024-11-27 20:11:36', '2024-11-27 20:11:36', 0),
(444, 53, '2024-11-29', '11:15:00', '11:30:00', 1, '2024-11-27 20:11:36', '2024-11-27 20:11:36', 0),
(445, 53, '2024-11-29', '11:30:00', '11:45:00', 1, '2024-11-27 20:11:36', '2024-11-27 20:11:36', 0),
(446, 53, '2024-11-29', '11:45:00', '12:00:00', 1, '2024-11-27 20:11:37', '2024-11-27 20:11:37', 0),
(447, 53, '2024-11-29', '12:00:00', '12:15:00', 1, '2024-11-27 20:11:37', '2024-11-27 20:11:37', 0),
(448, 53, '2024-11-29', '12:15:00', '12:30:00', 1, '2024-11-27 20:11:37', '2024-11-27 20:11:37', 0),
(449, 53, '2024-11-29', '12:30:00', '12:45:00', 1, '2024-11-27 20:11:37', '2024-11-27 20:11:37', 0),
(450, 53, '2024-11-29', '12:45:00', '13:00:00', 1, '2024-11-27 20:11:38', '2024-11-27 20:11:38', 0),
(451, 53, '2024-11-29', '13:00:00', '13:15:00', 1, '2024-11-27 20:11:38', '2024-11-27 20:11:38', 0),
(452, 53, '2024-11-29', '13:15:00', '13:30:00', 1, '2024-11-27 20:11:38', '2024-11-27 20:11:38', 0),
(453, 53, '2024-11-29', '13:30:00', '13:45:00', 1, '2024-11-27 20:11:38', '2024-11-27 20:11:38', 0),
(454, 53, '2024-11-29', '13:45:00', '14:00:00', 1, '2024-11-27 20:11:39', '2024-11-27 20:11:39', 0),
(455, 53, '2024-11-29', '14:00:00', '14:15:00', 1, '2024-11-27 20:11:39', '2024-11-27 20:11:39', 0),
(456, 53, '2024-11-29', '14:15:00', '14:30:00', 1, '2024-11-27 20:11:39', '2024-11-27 20:11:39', 0),
(457, 53, '2024-11-29', '14:30:00', '14:45:00', 1, '2024-11-27 20:11:39', '2024-11-27 20:11:39', 0),
(458, 53, '2024-11-29', '14:45:00', '15:00:00', 1, '2024-11-27 20:11:40', '2024-11-27 20:11:40', 0),
(459, 53, '2024-11-29', '15:00:00', '15:15:00', 1, '2024-11-27 20:11:40', '2024-11-27 20:11:40', 0),
(460, 53, '2024-11-29', '15:15:00', '15:30:00', 1, '2024-11-27 20:11:40', '2024-11-27 20:11:40', 0),
(461, 53, '2024-11-29', '15:30:00', '15:45:00', 1, '2024-11-27 20:11:40', '2024-11-27 20:11:40', 0),
(462, 53, '2024-11-29', '15:45:00', '16:00:00', 1, '2024-11-27 20:11:41', '2024-11-27 20:11:41', 0),
(463, 53, '2024-11-29', '16:00:00', '16:15:00', 1, '2024-11-27 20:11:41', '2024-11-27 20:11:41', 0),
(464, 53, '2024-11-29', '16:15:00', '16:30:00', 1, '2024-11-27 20:11:41', '2024-11-27 20:11:41', 0),
(465, 53, '2024-11-29', '16:30:00', '16:45:00', 1, '2024-11-27 20:11:41', '2024-11-27 20:11:41', 0),
(466, 53, '2024-11-29', '16:45:00', '17:00:00', 1, '2024-11-27 20:11:42', '2024-11-27 20:11:42', 0),
(467, 53, '2024-11-29', '17:00:00', '17:15:00', 1, '2024-11-27 20:11:42', '2024-11-27 20:11:42', 0),
(468, 53, '2024-11-29', '17:15:00', '17:30:00', 1, '2024-11-27 20:11:42', '2024-11-27 20:11:42', 0),
(469, 53, '2024-11-29', '17:30:00', '17:45:00', 1, '2024-11-27 20:11:42', '2024-11-27 20:11:42', 0),
(470, 53, '2024-11-29', '17:45:00', '18:00:00', 1, '2024-11-27 20:11:43', '2024-11-27 20:11:43', 0),
(471, 53, '2024-12-02', '10:00:00', '10:15:00', 1, '2024-11-27 20:11:43', '2024-11-27 20:11:43', 0),
(472, 53, '2024-12-02', '10:15:00', '10:30:00', 1, '2024-11-27 20:11:43', '2024-11-27 20:11:43', 0),
(473, 53, '2024-12-02', '10:30:00', '10:45:00', 1, '2024-11-27 20:11:43', '2024-11-27 20:11:43', 0),
(474, 53, '2024-12-02', '10:45:00', '11:00:00', 1, '2024-11-27 20:11:44', '2024-11-27 20:11:44', 0),
(475, 53, '2024-12-02', '11:00:00', '11:15:00', 1, '2024-11-27 20:11:44', '2024-11-27 20:11:44', 0),
(476, 53, '2024-12-02', '11:15:00', '11:30:00', 1, '2024-11-27 20:11:44', '2024-11-27 20:11:44', 0),
(477, 53, '2024-12-02', '11:30:00', '11:45:00', 1, '2024-11-27 20:11:44', '2024-11-27 20:11:44', 0),
(478, 53, '2024-12-02', '11:45:00', '12:00:00', 1, '2024-11-27 20:11:45', '2024-11-27 20:11:45', 0),
(479, 53, '2024-12-02', '12:00:00', '12:15:00', 1, '2024-11-27 20:11:45', '2024-11-27 20:11:45', 0),
(480, 53, '2024-12-02', '12:15:00', '12:30:00', 1, '2024-11-27 20:11:45', '2024-11-27 20:11:45', 0),
(481, 53, '2024-12-02', '12:30:00', '12:45:00', 1, '2024-11-27 20:11:45', '2024-11-27 20:11:45', 0),
(482, 53, '2024-12-02', '12:45:00', '13:00:00', 1, '2024-11-27 20:11:46', '2024-11-27 20:11:46', 0),
(483, 53, '2024-12-02', '13:00:00', '13:15:00', 1, '2024-11-27 20:11:46', '2024-11-27 20:11:46', 0),
(484, 53, '2024-12-02', '13:15:00', '13:30:00', 1, '2024-11-27 20:11:46', '2024-11-27 20:11:46', 0),
(485, 53, '2024-12-02', '13:30:00', '13:45:00', 1, '2024-11-27 20:11:46', '2024-11-27 20:11:46', 0),
(486, 53, '2024-12-02', '13:45:00', '14:00:00', 1, '2024-11-27 20:11:47', '2024-11-27 20:11:47', 0),
(487, 53, '2024-12-02', '14:00:00', '14:15:00', 1, '2024-11-27 20:11:47', '2024-11-27 20:11:47', 0),
(488, 53, '2024-12-02', '14:15:00', '14:30:00', 1, '2024-11-27 20:11:47', '2024-11-27 20:11:47', 0),
(489, 53, '2024-12-02', '14:30:00', '14:45:00', 1, '2024-11-27 20:11:47', '2024-11-27 20:11:47', 0),
(490, 53, '2024-12-02', '14:45:00', '15:00:00', 1, '2024-11-27 20:11:48', '2024-11-27 20:11:48', 0),
(491, 53, '2024-12-02', '15:00:00', '15:15:00', 1, '2024-11-27 20:11:48', '2024-11-27 20:11:48', 0),
(492, 53, '2024-12-02', '15:15:00', '15:30:00', 1, '2024-11-27 20:11:48', '2024-11-27 20:11:48', 0),
(493, 53, '2024-12-02', '15:30:00', '15:45:00', 1, '2024-11-27 20:11:48', '2024-11-27 20:11:48', 0),
(494, 53, '2024-12-02', '15:45:00', '16:00:00', 1, '2024-11-27 20:11:49', '2024-11-27 20:11:49', 0),
(495, 53, '2024-12-02', '16:00:00', '16:15:00', 1, '2024-11-27 20:11:49', '2024-11-27 20:11:49', 0),
(496, 53, '2024-12-02', '16:15:00', '16:30:00', 1, '2024-11-27 20:11:49', '2024-11-27 20:11:49', 0),
(497, 53, '2024-12-02', '16:30:00', '16:45:00', 1, '2024-11-27 20:11:49', '2024-11-27 20:11:49', 0),
(498, 53, '2024-12-02', '16:45:00', '17:00:00', 1, '2024-11-27 20:11:50', '2024-11-27 20:11:50', 0),
(499, 53, '2024-12-02', '17:00:00', '17:15:00', 1, '2024-11-27 20:11:50', '2024-11-27 20:11:50', 0),
(500, 53, '2024-12-02', '17:15:00', '17:30:00', 1, '2024-11-27 20:11:50', '2024-11-27 20:11:50', 0),
(501, 53, '2024-12-02', '17:30:00', '17:45:00', 1, '2024-11-27 20:11:50', '2024-11-27 20:11:50', 0),
(502, 53, '2024-12-02', '17:45:00', '18:00:00', 1, '2024-11-27 20:11:51', '2024-11-27 20:11:51', 0),
(503, 53, '2024-12-03', '10:00:00', '10:15:00', 1, '2024-11-27 20:11:51', '2024-11-27 20:11:51', 0),
(504, 53, '2024-12-03', '10:15:00', '10:30:00', 1, '2024-11-27 20:11:51', '2024-11-27 20:11:51', 0),
(505, 53, '2024-12-03', '10:30:00', '10:45:00', 1, '2024-11-27 20:11:51', '2024-11-27 20:11:51', 0),
(506, 53, '2024-12-03', '10:45:00', '11:00:00', 1, '2024-11-27 20:11:52', '2024-11-27 20:11:52', 0),
(507, 53, '2024-12-03', '11:00:00', '11:15:00', 1, '2024-11-27 20:11:52', '2024-11-27 20:11:52', 0),
(508, 53, '2024-12-03', '11:15:00', '11:30:00', 1, '2024-11-27 20:11:52', '2024-11-27 20:11:52', 0),
(509, 53, '2024-12-03', '11:30:00', '11:45:00', 1, '2024-11-27 20:11:52', '2024-11-27 20:11:52', 0),
(510, 53, '2024-12-03', '11:45:00', '12:00:00', 1, '2024-11-27 20:11:53', '2024-11-27 20:11:53', 0),
(511, 53, '2024-12-03', '12:00:00', '12:15:00', 1, '2024-11-27 20:11:53', '2024-11-27 20:11:53', 0),
(512, 53, '2024-12-03', '12:15:00', '12:30:00', 1, '2024-11-27 20:11:53', '2024-11-27 20:11:53', 0),
(513, 53, '2024-12-03', '12:30:00', '12:45:00', 1, '2024-11-27 20:11:53', '2024-11-27 20:11:53', 0),
(514, 53, '2024-12-03', '12:45:00', '13:00:00', 1, '2024-11-27 20:11:54', '2024-11-27 20:11:54', 0),
(515, 53, '2024-12-03', '13:00:00', '13:15:00', 1, '2024-11-27 20:11:54', '2024-11-27 20:11:54', 0),
(516, 53, '2024-12-03', '13:15:00', '13:30:00', 1, '2024-11-27 20:11:54', '2024-11-27 20:11:54', 0),
(517, 53, '2024-12-03', '13:30:00', '13:45:00', 1, '2024-11-27 20:11:54', '2024-11-27 20:11:54', 0),
(518, 53, '2024-12-03', '13:45:00', '14:00:00', 1, '2024-11-27 20:11:55', '2024-11-27 20:11:55', 0),
(519, 53, '2024-12-03', '14:00:00', '14:15:00', 1, '2024-11-27 20:11:55', '2024-11-27 20:11:55', 0),
(520, 53, '2024-12-03', '14:15:00', '14:30:00', 1, '2024-11-27 20:11:55', '2024-11-27 20:11:55', 0),
(521, 53, '2024-12-03', '14:30:00', '14:45:00', 1, '2024-11-27 20:11:55', '2024-11-27 20:11:55', 0),
(522, 53, '2024-12-03', '14:45:00', '15:00:00', 1, '2024-11-27 20:11:56', '2024-11-27 20:11:56', 0),
(523, 53, '2024-12-03', '15:00:00', '15:15:00', 1, '2024-11-27 20:11:56', '2024-11-27 20:11:56', 0),
(524, 53, '2024-12-03', '15:15:00', '15:30:00', 1, '2024-11-27 20:11:56', '2024-11-27 20:11:56', 0),
(525, 53, '2024-12-03', '15:30:00', '15:45:00', 1, '2024-11-27 20:11:56', '2024-11-27 20:11:56', 0),
(526, 53, '2024-12-03', '15:45:00', '16:00:00', 1, '2024-11-27 20:11:57', '2024-11-27 20:11:57', 0),
(527, 53, '2024-12-03', '16:00:00', '16:15:00', 1, '2024-11-27 20:11:57', '2024-11-27 20:11:57', 0),
(528, 53, '2024-12-03', '16:15:00', '16:30:00', 1, '2024-11-27 20:11:57', '2024-11-27 20:11:57', 0),
(529, 53, '2024-12-03', '16:30:00', '16:45:00', 1, '2024-11-27 20:11:57', '2024-11-27 20:11:57', 0),
(530, 53, '2024-12-03', '16:45:00', '17:00:00', 1, '2024-11-27 20:11:58', '2024-11-27 20:11:58', 0),
(531, 53, '2024-12-03', '17:00:00', '17:15:00', 1, '2024-11-27 20:11:58', '2024-11-27 20:11:58', 0),
(532, 53, '2024-12-03', '17:15:00', '17:30:00', 1, '2024-11-27 20:11:58', '2024-11-27 20:11:58', 0),
(533, 53, '2024-12-03', '17:30:00', '17:45:00', 1, '2024-11-27 20:11:58', '2024-11-27 20:11:58', 0),
(534, 53, '2024-12-03', '17:45:00', '18:00:00', 1, '2024-11-27 20:11:59', '2024-11-27 20:11:59', 0),
(535, 53, '2024-12-04', '10:00:00', '10:15:00', 1, '2024-11-27 20:11:59', '2024-11-27 20:11:59', 0),
(536, 53, '2024-12-04', '10:15:00', '10:30:00', 1, '2024-11-27 20:11:59', '2024-11-27 20:11:59', 0),
(537, 53, '2024-12-04', '10:30:00', '10:45:00', 1, '2024-11-27 20:12:00', '2024-11-27 20:12:00', 0),
(538, 53, '2024-12-04', '10:45:00', '11:00:00', 1, '2024-11-27 20:12:00', '2024-11-27 20:12:00', 0),
(539, 53, '2024-12-04', '11:00:00', '11:15:00', 1, '2024-11-27 20:12:00', '2024-11-27 20:12:00', 0),
(540, 53, '2024-12-04', '11:15:00', '11:30:00', 1, '2024-11-27 20:12:00', '2024-11-27 20:12:00', 0),
(541, 53, '2024-12-04', '11:30:00', '11:45:00', 1, '2024-11-27 20:12:01', '2024-11-27 20:12:01', 0),
(542, 53, '2024-12-04', '11:45:00', '12:00:00', 1, '2024-11-27 20:12:01', '2024-11-27 20:12:01', 0),
(543, 53, '2024-12-04', '12:00:00', '12:15:00', 1, '2024-11-27 20:12:01', '2024-11-27 20:12:01', 0),
(544, 53, '2024-12-04', '12:15:00', '12:30:00', 1, '2024-11-27 20:12:01', '2024-11-27 20:12:01', 0),
(545, 53, '2024-12-04', '12:30:00', '12:45:00', 1, '2024-11-27 20:12:02', '2024-11-27 20:12:02', 0),
(546, 53, '2024-12-04', '12:45:00', '13:00:00', 1, '2024-11-27 20:12:02', '2024-11-27 20:12:02', 0),
(547, 53, '2024-12-04', '13:00:00', '13:15:00', 1, '2024-11-27 20:12:02', '2024-11-27 20:12:02', 0),
(548, 53, '2024-12-04', '13:15:00', '13:30:00', 1, '2024-11-27 20:12:02', '2024-11-27 20:12:02', 0),
(549, 53, '2024-12-04', '13:30:00', '13:45:00', 1, '2024-11-27 20:12:03', '2024-11-27 20:12:03', 0),
(550, 53, '2024-12-04', '13:45:00', '14:00:00', 1, '2024-11-27 20:12:03', '2024-11-27 20:12:03', 0),
(551, 53, '2024-12-04', '14:00:00', '14:15:00', 1, '2024-11-27 20:12:03', '2024-11-27 20:12:03', 0),
(552, 53, '2024-12-04', '14:15:00', '14:30:00', 1, '2024-11-27 20:12:03', '2024-11-27 20:12:03', 0),
(553, 53, '2024-12-04', '14:30:00', '14:45:00', 1, '2024-11-27 20:12:04', '2024-11-27 20:12:04', 0),
(554, 53, '2024-12-04', '14:45:00', '15:00:00', 1, '2024-11-27 20:12:04', '2024-11-27 20:12:04', 0),
(555, 53, '2024-12-04', '15:00:00', '15:15:00', 1, '2024-11-27 20:12:04', '2024-11-27 20:12:04', 0),
(556, 53, '2024-12-04', '15:15:00', '15:30:00', 1, '2024-11-27 20:12:04', '2024-11-27 20:12:04', 0),
(557, 53, '2024-12-04', '15:30:00', '15:45:00', 1, '2024-11-27 20:12:05', '2024-11-27 20:12:05', 0),
(558, 53, '2024-12-04', '15:45:00', '16:00:00', 1, '2024-11-27 20:12:05', '2024-11-27 20:12:05', 0),
(559, 53, '2024-12-04', '16:00:00', '16:15:00', 1, '2024-11-27 20:12:05', '2024-11-27 20:12:05', 0),
(560, 53, '2024-12-04', '16:15:00', '16:30:00', 1, '2024-11-27 20:12:05', '2024-11-27 20:12:05', 0),
(561, 53, '2024-12-04', '16:30:00', '16:45:00', 1, '2024-11-27 20:12:06', '2024-11-27 20:12:06', 0),
(562, 53, '2024-12-04', '16:45:00', '17:00:00', 1, '2024-11-27 20:12:06', '2024-11-27 20:12:06', 0),
(563, 53, '2024-12-04', '17:00:00', '17:15:00', 1, '2024-11-27 20:12:06', '2024-11-27 20:12:06', 0),
(564, 53, '2024-12-04', '17:15:00', '17:30:00', 1, '2024-11-27 20:12:06', '2024-11-27 20:12:06', 0),
(565, 53, '2024-12-04', '17:30:00', '17:45:00', 1, '2024-11-27 20:12:07', '2024-11-27 20:12:07', 0),
(566, 53, '2024-12-04', '17:45:00', '18:00:00', 1, '2024-11-27 20:12:07', '2024-11-27 20:12:07', 0),
(567, 53, '2024-12-05', '10:00:00', '10:15:00', 1, '2024-11-27 20:12:07', '2024-11-27 20:12:07', 0),
(568, 53, '2024-12-05', '10:15:00', '10:30:00', 1, '2024-11-27 20:12:07', '2024-11-27 20:12:07', 0),
(569, 53, '2024-12-05', '10:30:00', '10:45:00', 1, '2024-11-27 20:12:08', '2024-11-27 20:12:08', 0),
(570, 53, '2024-12-05', '10:45:00', '11:00:00', 1, '2024-11-27 20:12:08', '2024-11-27 20:12:08', 0),
(571, 53, '2024-12-05', '11:00:00', '11:15:00', 1, '2024-11-27 20:12:08', '2024-11-27 20:12:08', 0),
(572, 53, '2024-12-05', '11:15:00', '11:30:00', 1, '2024-11-27 20:12:08', '2024-11-27 20:12:08', 0),
(573, 53, '2024-12-05', '11:30:00', '11:45:00', 1, '2024-11-27 20:12:09', '2024-11-27 20:12:09', 0),
(574, 53, '2024-12-05', '11:45:00', '12:00:00', 1, '2024-11-27 20:12:09', '2024-11-27 20:12:09', 0),
(575, 53, '2024-12-05', '12:00:00', '12:15:00', 1, '2024-11-27 20:12:09', '2024-11-27 20:12:09', 0),
(576, 53, '2024-12-05', '12:15:00', '12:30:00', 1, '2024-11-27 20:12:09', '2024-11-27 20:12:09', 0),
(577, 53, '2024-12-05', '12:30:00', '12:45:00', 1, '2024-11-27 20:12:10', '2024-11-27 20:12:10', 0),
(578, 53, '2024-12-05', '12:45:00', '13:00:00', 1, '2024-11-27 20:12:10', '2024-11-27 20:12:10', 0),
(579, 53, '2024-12-05', '13:00:00', '13:15:00', 1, '2024-11-27 20:12:10', '2024-11-27 20:12:10', 0),
(580, 53, '2024-12-05', '13:15:00', '13:30:00', 1, '2024-11-27 20:12:10', '2024-11-27 20:12:10', 0),
(581, 53, '2024-12-05', '13:30:00', '13:45:00', 1, '2024-11-27 20:12:11', '2024-11-27 20:12:11', 0),
(582, 53, '2024-12-05', '13:45:00', '14:00:00', 1, '2024-11-27 20:12:11', '2024-11-27 20:12:11', 0),
(583, 53, '2024-12-05', '14:00:00', '14:15:00', 1, '2024-11-27 20:12:11', '2024-11-27 20:12:11', 0),
(584, 53, '2024-12-05', '14:15:00', '14:30:00', 1, '2024-11-27 20:12:11', '2024-11-27 20:12:11', 0),
(585, 53, '2024-12-05', '14:30:00', '14:45:00', 1, '2024-11-27 20:12:12', '2024-11-27 20:12:12', 0),
(586, 53, '2024-12-05', '14:45:00', '15:00:00', 1, '2024-11-27 20:12:12', '2024-11-27 20:12:12', 0),
(587, 53, '2024-12-05', '15:00:00', '15:15:00', 1, '2024-11-27 20:12:12', '2024-11-27 20:12:12', 0),
(588, 53, '2024-12-05', '15:15:00', '15:30:00', 1, '2024-11-27 20:12:12', '2024-11-27 20:12:12', 0),
(589, 53, '2024-12-05', '15:30:00', '15:45:00', 1, '2024-11-27 20:12:13', '2024-11-27 20:12:13', 0),
(590, 53, '2024-12-05', '15:45:00', '16:00:00', 1, '2024-11-27 20:12:13', '2024-11-27 20:12:13', 0),
(591, 53, '2024-12-05', '16:00:00', '16:15:00', 1, '2024-11-27 20:12:13', '2024-11-27 20:12:13', 0),
(592, 53, '2024-12-05', '16:15:00', '16:30:00', 1, '2024-11-27 20:12:13', '2024-11-27 20:12:13', 0),
(593, 53, '2024-12-05', '16:30:00', '16:45:00', 1, '2024-11-27 20:12:14', '2024-11-27 20:12:14', 0),
(594, 53, '2024-12-05', '16:45:00', '17:00:00', 1, '2024-11-27 20:12:14', '2024-11-27 20:12:14', 0),
(595, 53, '2024-12-05', '17:00:00', '17:15:00', 1, '2024-11-27 20:12:14', '2024-11-27 20:12:14', 0),
(596, 53, '2024-12-05', '17:15:00', '17:30:00', 1, '2024-11-27 20:12:14', '2024-11-27 20:12:14', 0),
(597, 53, '2024-12-05', '17:30:00', '17:45:00', 1, '2024-11-27 20:12:15', '2024-11-27 20:12:15', 0),
(598, 53, '2024-12-05', '17:45:00', '18:00:00', 1, '2024-11-27 20:12:15', '2024-11-27 20:12:15', 0),
(599, 53, '2024-12-06', '10:00:00', '10:15:00', 1, '2024-11-27 20:12:15', '2024-11-27 20:12:15', 0),
(600, 53, '2024-12-06', '10:15:00', '10:30:00', 1, '2024-11-27 20:12:15', '2024-11-27 20:12:15', 0),
(601, 53, '2024-12-06', '10:30:00', '10:45:00', 1, '2024-11-27 20:12:16', '2024-11-27 20:12:16', 0),
(602, 53, '2024-12-06', '10:45:00', '11:00:00', 1, '2024-11-27 20:12:16', '2024-11-27 20:12:16', 0),
(603, 53, '2024-12-06', '11:00:00', '11:15:00', 1, '2024-11-27 20:12:16', '2024-11-27 20:12:16', 0),
(604, 53, '2024-12-06', '11:15:00', '11:30:00', 1, '2024-11-27 20:12:16', '2024-11-27 20:12:16', 0),
(605, 53, '2024-12-06', '11:30:00', '11:45:00', 1, '2024-11-27 20:12:17', '2024-11-27 20:12:17', 0),
(606, 53, '2024-12-06', '11:45:00', '12:00:00', 1, '2024-11-27 20:12:17', '2024-11-27 20:12:17', 0),
(607, 53, '2024-12-06', '12:00:00', '12:15:00', 1, '2024-11-27 20:12:17', '2024-11-27 20:12:17', 0),
(608, 53, '2024-12-06', '12:15:00', '12:30:00', 1, '2024-11-27 20:12:17', '2024-11-27 20:12:17', 0),
(609, 53, '2024-12-06', '12:30:00', '12:45:00', 1, '2024-11-27 20:12:18', '2024-11-27 20:12:18', 0),
(610, 53, '2024-12-06', '12:45:00', '13:00:00', 1, '2024-11-27 20:12:18', '2024-11-27 20:12:18', 0),
(611, 53, '2024-12-06', '13:00:00', '13:15:00', 1, '2024-11-27 20:12:18', '2024-11-27 20:12:18', 0),
(612, 53, '2024-12-06', '13:15:00', '13:30:00', 1, '2024-11-27 20:12:19', '2024-11-27 20:12:19', 0),
(613, 53, '2024-12-06', '13:30:00', '13:45:00', 1, '2024-11-27 20:12:19', '2024-11-27 20:12:19', 0),
(614, 53, '2024-12-06', '13:45:00', '14:00:00', 1, '2024-11-27 20:12:19', '2024-11-27 20:12:19', 0),
(615, 53, '2024-12-06', '14:00:00', '14:15:00', 1, '2024-11-27 20:12:20', '2024-11-27 20:12:20', 0),
(616, 53, '2024-12-06', '14:15:00', '14:30:00', 1, '2024-11-27 20:12:20', '2024-11-27 20:12:20', 0),
(617, 53, '2024-12-06', '14:30:00', '14:45:00', 1, '2024-11-27 20:12:20', '2024-11-27 20:12:20', 0),
(618, 53, '2024-12-06', '14:45:00', '15:00:00', 1, '2024-11-27 20:12:20', '2024-11-27 20:12:20', 0),
(619, 53, '2024-12-06', '15:00:00', '15:15:00', 1, '2024-11-27 20:12:21', '2024-11-27 20:12:21', 0),
(620, 53, '2024-12-06', '15:15:00', '15:30:00', 1, '2024-11-27 20:12:21', '2024-11-27 20:12:21', 0),
(621, 53, '2024-12-06', '15:30:00', '15:45:00', 1, '2024-11-27 20:12:21', '2024-11-27 20:12:21', 0),
(622, 53, '2024-12-06', '15:45:00', '16:00:00', 1, '2024-11-27 20:12:21', '2024-11-27 20:12:21', 0),
(623, 53, '2024-12-06', '16:00:00', '16:15:00', 1, '2024-11-27 20:12:22', '2024-11-27 20:12:22', 0),
(624, 53, '2024-12-06', '16:15:00', '16:30:00', 1, '2024-11-27 20:12:22', '2024-11-27 20:12:22', 0),
(625, 53, '2024-12-06', '16:30:00', '16:45:00', 1, '2024-11-27 20:12:22', '2024-11-27 20:12:22', 0),
(626, 53, '2024-12-06', '16:45:00', '17:00:00', 1, '2024-11-27 20:12:22', '2024-11-27 20:12:22', 0),
(627, 53, '2024-12-06', '17:00:00', '17:15:00', 1, '2024-11-27 20:12:23', '2024-11-27 20:12:23', 0),
(628, 53, '2024-12-06', '17:15:00', '17:30:00', 1, '2024-11-27 20:12:23', '2024-11-27 20:12:23', 0),
(629, 53, '2024-12-06', '17:30:00', '17:45:00', 1, '2024-11-27 20:12:23', '2024-11-27 20:12:23', 0),
(630, 53, '2024-12-06', '17:45:00', '18:00:00', 1, '2024-11-27 20:12:23', '2024-11-27 20:12:23', 0),
(631, 53, '2024-12-09', '10:00:00', '10:15:00', 1, '2024-11-27 20:12:24', '2024-11-27 20:12:24', 0),
(632, 53, '2024-12-09', '10:15:00', '10:30:00', 1, '2024-11-27 20:12:24', '2024-11-27 20:12:24', 0),
(633, 53, '2024-12-09', '10:30:00', '10:45:00', 1, '2024-11-27 20:12:24', '2024-11-27 20:12:24', 0),
(634, 53, '2024-12-09', '10:45:00', '11:00:00', 1, '2024-11-27 20:12:24', '2024-11-27 20:12:24', 0),
(635, 53, '2024-12-09', '11:00:00', '11:15:00', 1, '2024-11-27 20:12:25', '2024-11-27 20:12:25', 0),
(636, 53, '2024-12-09', '11:15:00', '11:30:00', 1, '2024-11-27 20:12:25', '2024-11-27 20:12:25', 0),
(637, 53, '2024-12-09', '11:30:00', '11:45:00', 1, '2024-11-27 20:12:25', '2024-11-27 20:12:25', 0),
(638, 53, '2024-12-09', '11:45:00', '12:00:00', 1, '2024-11-27 20:12:25', '2024-11-27 20:12:25', 0),
(639, 53, '2024-12-09', '12:00:00', '12:15:00', 1, '2024-11-27 20:12:26', '2024-11-27 20:12:26', 0),
(640, 53, '2024-12-09', '12:15:00', '12:30:00', 1, '2024-11-27 20:12:26', '2024-11-27 20:12:26', 0),
(641, 53, '2024-12-09', '12:30:00', '12:45:00', 1, '2024-11-27 20:12:26', '2024-11-27 20:12:26', 0),
(642, 53, '2024-12-09', '12:45:00', '13:00:00', 1, '2024-11-27 20:12:27', '2024-11-27 20:12:27', 0),
(643, 53, '2024-12-09', '13:00:00', '13:15:00', 1, '2024-11-27 20:12:27', '2024-11-27 20:12:27', 0),
(644, 53, '2024-12-09', '13:15:00', '13:30:00', 1, '2024-11-27 20:12:27', '2024-11-27 20:12:27', 0),
(645, 53, '2024-12-09', '13:30:00', '13:45:00', 1, '2024-11-27 20:12:27', '2024-11-27 20:12:27', 0),
(646, 53, '2024-12-09', '13:45:00', '14:00:00', 1, '2024-11-27 20:12:28', '2024-11-27 20:12:28', 0),
(647, 53, '2024-12-09', '14:00:00', '14:15:00', 1, '2024-11-27 20:12:28', '2024-11-27 20:12:28', 0),
(648, 53, '2024-12-09', '14:15:00', '14:30:00', 1, '2024-11-27 20:12:28', '2024-11-27 20:12:28', 0),
(649, 53, '2024-12-09', '14:30:00', '14:45:00', 1, '2024-11-27 20:12:29', '2024-11-27 20:12:29', 0),
(650, 53, '2024-12-09', '14:45:00', '15:00:00', 1, '2024-11-27 20:12:29', '2024-11-27 20:12:29', 0),
(651, 53, '2024-12-09', '15:00:00', '15:15:00', 1, '2024-11-27 20:12:29', '2024-11-27 20:12:29', 0),
(652, 53, '2024-12-09', '15:15:00', '15:30:00', 1, '2024-11-27 20:12:30', '2024-11-27 20:12:30', 0),
(653, 53, '2024-12-09', '15:30:00', '15:45:00', 1, '2024-11-27 20:12:30', '2024-11-27 20:12:30', 0),
(654, 53, '2024-12-09', '15:45:00', '16:00:00', 1, '2024-11-27 20:12:30', '2024-11-27 20:12:30', 0),
(655, 53, '2024-12-09', '16:00:00', '16:15:00', 1, '2024-11-27 20:12:30', '2024-11-27 20:12:30', 0),
(656, 53, '2024-12-09', '16:15:00', '16:30:00', 1, '2024-11-27 20:12:31', '2024-11-27 20:12:31', 0),
(657, 53, '2024-12-09', '16:30:00', '16:45:00', 1, '2024-11-27 20:12:31', '2024-11-27 20:12:31', 0),
(658, 53, '2024-12-09', '16:45:00', '17:00:00', 1, '2024-11-27 20:12:31', '2024-11-27 20:12:31', 0),
(659, 53, '2024-12-09', '17:00:00', '17:15:00', 1, '2024-11-27 20:12:31', '2024-11-27 20:12:31', 0),
(660, 53, '2024-12-09', '17:15:00', '17:30:00', 1, '2024-11-27 20:12:32', '2024-11-27 20:12:32', 0),
(661, 53, '2024-12-09', '17:30:00', '17:45:00', 1, '2024-11-27 20:12:32', '2024-11-27 20:12:32', 0),
(662, 53, '2024-12-09', '17:45:00', '18:00:00', 1, '2024-11-27 20:12:32', '2024-11-27 20:12:32', 0),
(663, 53, '2024-12-10', '10:00:00', '10:15:00', 1, '2024-11-27 20:12:32', '2024-11-27 20:12:32', 0),
(664, 53, '2024-12-10', '10:15:00', '10:30:00', 1, '2024-11-27 20:12:33', '2024-11-27 20:12:33', 0),
(665, 53, '2024-12-10', '10:30:00', '10:45:00', 1, '2024-11-27 20:12:33', '2024-11-27 20:12:33', 0),
(666, 53, '2024-12-10', '10:45:00', '11:00:00', 1, '2024-11-27 20:12:33', '2024-11-27 20:12:33', 0),
(667, 53, '2024-12-10', '11:00:00', '11:15:00', 1, '2024-11-27 20:12:33', '2024-11-27 20:12:33', 0),
(668, 53, '2024-12-10', '11:15:00', '11:30:00', 1, '2024-11-27 20:12:34', '2024-11-27 20:12:34', 0),
(669, 53, '2024-12-10', '11:30:00', '11:45:00', 1, '2024-11-27 20:12:34', '2024-11-27 20:12:34', 0),
(670, 53, '2024-12-10', '11:45:00', '12:00:00', 1, '2024-11-27 20:12:34', '2024-11-27 20:12:34', 0),
(671, 53, '2024-12-10', '12:00:00', '12:15:00', 1, '2024-11-27 20:12:34', '2024-11-27 20:12:34', 0),
(672, 53, '2024-12-10', '12:15:00', '12:30:00', 1, '2024-11-27 20:12:35', '2024-11-27 20:12:35', 0),
(673, 53, '2024-12-10', '12:30:00', '12:45:00', 1, '2024-11-27 20:12:35', '2024-11-27 20:12:35', 0),
(674, 53, '2024-12-10', '12:45:00', '13:00:00', 1, '2024-11-27 20:12:35', '2024-11-27 20:12:35', 0),
(675, 53, '2024-12-10', '13:00:00', '13:15:00', 1, '2024-11-27 20:12:35', '2024-11-27 20:12:35', 0),
(676, 53, '2024-12-10', '13:15:00', '13:30:00', 1, '2024-11-27 20:12:36', '2024-11-27 20:12:36', 0),
(677, 53, '2024-12-10', '13:30:00', '13:45:00', 1, '2024-11-27 20:12:36', '2024-11-27 20:12:36', 0),
(678, 53, '2024-12-10', '13:45:00', '14:00:00', 1, '2024-11-27 20:12:36', '2024-11-27 20:12:36', 0),
(679, 53, '2024-12-10', '14:00:00', '14:15:00', 1, '2024-11-27 20:12:36', '2024-11-27 20:12:36', 0),
(680, 53, '2024-12-10', '14:15:00', '14:30:00', 1, '2024-11-27 20:12:37', '2024-11-27 20:12:37', 0),
(681, 53, '2024-12-10', '14:30:00', '14:45:00', 1, '2024-11-27 20:12:37', '2024-11-27 20:12:37', 0),
(682, 53, '2024-12-10', '14:45:00', '15:00:00', 1, '2024-11-27 20:12:37', '2024-11-27 20:12:37', 0),
(683, 53, '2024-12-10', '15:00:00', '15:15:00', 1, '2024-11-27 20:12:37', '2024-11-27 20:12:37', 0),
(684, 53, '2024-12-10', '15:15:00', '15:30:00', 1, '2024-11-27 20:12:38', '2024-11-27 20:12:38', 0),
(685, 53, '2024-12-10', '15:30:00', '15:45:00', 1, '2024-11-27 20:12:38', '2024-11-27 20:12:38', 0),
(686, 53, '2024-12-10', '15:45:00', '16:00:00', 1, '2024-11-27 20:12:38', '2024-11-27 20:12:38', 0),
(687, 53, '2024-12-10', '16:00:00', '16:15:00', 1, '2024-11-27 20:12:38', '2024-11-27 20:12:38', 0),
(688, 53, '2024-12-10', '16:15:00', '16:30:00', 1, '2024-11-27 20:12:39', '2024-11-27 20:12:39', 0),
(689, 53, '2024-12-10', '16:30:00', '16:45:00', 1, '2024-11-27 20:12:39', '2024-11-27 20:12:39', 0),
(690, 53, '2024-12-10', '16:45:00', '17:00:00', 1, '2024-11-27 20:12:39', '2024-11-27 20:12:39', 0),
(691, 53, '2024-12-10', '17:00:00', '17:15:00', 1, '2024-11-27 20:12:39', '2024-11-27 20:12:39', 0),
(692, 53, '2024-12-10', '17:15:00', '17:30:00', 1, '2024-11-27 20:12:40', '2024-11-27 20:12:40', 0),
(693, 53, '2024-12-10', '17:30:00', '17:45:00', 1, '2024-11-27 20:12:40', '2024-11-27 20:12:40', 0),
(694, 53, '2024-12-10', '17:45:00', '18:00:00', 1, '2024-11-27 20:12:40', '2024-11-27 20:12:40', 0),
(695, 53, '2024-12-11', '10:00:00', '10:15:00', 1, '2024-11-27 20:12:40', '2024-11-27 20:12:40', 0),
(696, 53, '2024-12-11', '10:15:00', '10:30:00', 1, '2024-11-27 20:12:41', '2024-11-27 20:12:41', 0),
(697, 53, '2024-12-11', '10:30:00', '10:45:00', 1, '2024-11-27 20:12:41', '2024-11-27 20:12:41', 0),
(698, 53, '2024-12-11', '10:45:00', '11:00:00', 1, '2024-11-27 20:12:41', '2024-11-27 20:12:41', 0),
(699, 53, '2024-12-11', '11:00:00', '11:15:00', 1, '2024-11-27 20:12:41', '2024-11-27 20:12:41', 0),
(700, 53, '2024-12-11', '11:15:00', '11:30:00', 1, '2024-11-27 20:12:42', '2024-11-27 20:12:42', 0),
(701, 53, '2024-12-11', '11:30:00', '11:45:00', 1, '2024-11-27 20:12:42', '2024-11-27 20:12:42', 0),
(702, 53, '2024-12-11', '11:45:00', '12:00:00', 1, '2024-11-27 20:12:42', '2024-11-27 20:12:42', 0),
(703, 53, '2024-12-11', '12:00:00', '12:15:00', 1, '2024-11-27 20:12:42', '2024-11-27 20:12:42', 0),
(704, 53, '2024-12-11', '12:15:00', '12:30:00', 1, '2024-11-27 20:12:43', '2024-11-27 20:12:43', 0),
(705, 53, '2024-12-11', '12:30:00', '12:45:00', 1, '2024-11-27 20:12:43', '2024-11-27 20:12:43', 0),
(706, 53, '2024-12-11', '12:45:00', '13:00:00', 1, '2024-11-27 20:12:43', '2024-11-27 20:12:43', 0),
(707, 53, '2024-12-11', '13:00:00', '13:15:00', 1, '2024-11-27 20:12:43', '2024-11-27 20:12:43', 0),
(708, 53, '2024-12-11', '13:15:00', '13:30:00', 1, '2024-11-27 20:12:44', '2024-11-27 20:12:44', 0),
(709, 53, '2024-12-11', '13:30:00', '13:45:00', 1, '2024-11-27 20:12:44', '2024-11-27 20:12:44', 0),
(710, 53, '2024-12-11', '13:45:00', '14:00:00', 1, '2024-11-27 20:12:44', '2024-11-27 20:12:44', 0),
(711, 53, '2024-12-11', '14:00:00', '14:15:00', 1, '2024-11-27 20:12:44', '2024-11-27 20:12:44', 0),
(712, 53, '2024-12-11', '14:15:00', '14:30:00', 1, '2024-11-27 20:12:45', '2024-11-27 20:12:45', 0),
(713, 53, '2024-12-11', '14:30:00', '14:45:00', 1, '2024-11-27 20:12:45', '2024-11-27 20:12:45', 0),
(714, 53, '2024-12-11', '14:45:00', '15:00:00', 1, '2024-11-27 20:12:45', '2024-11-27 20:12:45', 0),
(715, 53, '2024-12-11', '15:00:00', '15:15:00', 1, '2024-11-27 20:12:45', '2024-11-27 20:12:45', 0),
(716, 53, '2024-12-11', '15:15:00', '15:30:00', 1, '2024-11-27 20:12:46', '2024-11-27 20:12:46', 0),
(717, 53, '2024-12-11', '15:30:00', '15:45:00', 1, '2024-11-27 20:12:46', '2024-11-27 20:12:46', 0),
(718, 53, '2024-12-11', '15:45:00', '16:00:00', 1, '2024-11-27 20:12:46', '2024-11-27 20:12:46', 0),
(719, 53, '2024-12-11', '16:00:00', '16:15:00', 1, '2024-11-27 20:12:46', '2024-11-27 20:12:46', 0),
(720, 53, '2024-12-11', '16:15:00', '16:30:00', 1, '2024-11-27 20:12:47', '2024-11-27 20:12:47', 0),
(721, 53, '2024-12-11', '16:30:00', '16:45:00', 1, '2024-11-27 20:12:47', '2024-11-27 20:12:47', 0),
(722, 53, '2024-12-11', '16:45:00', '17:00:00', 1, '2024-11-27 20:12:47', '2024-11-27 20:12:47', 0),
(723, 53, '2024-12-11', '17:00:00', '17:15:00', 1, '2024-11-27 20:12:47', '2024-11-27 20:12:47', 0),
(724, 53, '2024-12-11', '17:15:00', '17:30:00', 1, '2024-11-27 20:12:48', '2024-11-27 20:12:48', 0),
(725, 53, '2024-12-11', '17:30:00', '17:45:00', 1, '2024-11-27 20:12:48', '2024-11-27 20:12:48', 0),
(726, 53, '2024-12-11', '17:45:00', '18:00:00', 1, '2024-11-27 20:12:48', '2024-11-27 20:12:48', 0),
(727, 53, '2024-12-12', '10:00:00', '10:15:00', 1, '2024-11-27 20:12:48', '2024-11-27 20:12:48', 0),
(728, 53, '2024-12-12', '10:15:00', '10:30:00', 1, '2024-11-27 20:12:49', '2024-11-27 20:12:49', 0),
(729, 53, '2024-12-12', '10:30:00', '10:45:00', 1, '2024-11-27 20:12:49', '2024-11-27 20:12:49', 0),
(730, 53, '2024-12-12', '10:45:00', '11:00:00', 1, '2024-11-27 20:12:49', '2024-11-27 20:12:49', 0),
(731, 53, '2024-12-12', '11:00:00', '11:15:00', 1, '2024-11-27 20:12:49', '2024-11-27 20:12:49', 0),
(732, 53, '2024-12-12', '11:15:00', '11:30:00', 1, '2024-11-27 20:12:50', '2024-11-27 20:12:50', 0),
(733, 53, '2024-12-12', '11:30:00', '11:45:00', 1, '2024-11-27 20:12:50', '2024-11-27 20:12:50', 0),
(734, 53, '2024-12-12', '11:45:00', '12:00:00', 1, '2024-11-27 20:12:50', '2024-11-27 20:12:50', 0),
(735, 53, '2024-12-12', '12:00:00', '12:15:00', 1, '2024-11-27 20:12:50', '2024-11-27 20:12:50', 0),
(736, 53, '2024-12-12', '12:15:00', '12:30:00', 1, '2024-11-27 20:12:51', '2024-11-27 20:12:51', 0),
(737, 53, '2024-12-12', '12:30:00', '12:45:00', 1, '2024-11-27 20:12:51', '2024-11-27 20:12:51', 0),
(738, 53, '2024-12-12', '12:45:00', '13:00:00', 1, '2024-11-27 20:12:51', '2024-11-27 20:12:51', 0),
(739, 53, '2024-12-12', '13:00:00', '13:15:00', 1, '2024-11-27 20:12:51', '2024-11-27 20:12:51', 0),
(740, 53, '2024-12-12', '13:15:00', '13:30:00', 1, '2024-11-27 20:12:52', '2024-11-27 20:12:52', 0),
(741, 53, '2024-12-12', '13:30:00', '13:45:00', 1, '2024-11-27 20:12:52', '2024-11-27 20:12:52', 0),
(742, 53, '2024-12-12', '13:45:00', '14:00:00', 1, '2024-11-27 20:12:52', '2024-11-27 20:12:52', 0),
(743, 53, '2024-12-12', '14:00:00', '14:15:00', 1, '2024-11-27 20:12:52', '2024-11-27 20:12:52', 0),
(744, 53, '2024-12-12', '14:15:00', '14:30:00', 1, '2024-11-27 20:12:53', '2024-11-27 20:12:53', 0),
(745, 53, '2024-12-12', '14:30:00', '14:45:00', 1, '2024-11-27 20:12:53', '2024-11-27 20:12:53', 0),
(746, 53, '2024-12-12', '14:45:00', '15:00:00', 1, '2024-11-27 20:12:53', '2024-11-27 20:12:53', 0),
(747, 53, '2024-12-12', '15:00:00', '15:15:00', 1, '2024-11-27 20:12:53', '2024-11-27 20:12:53', 0),
(748, 53, '2024-12-12', '15:15:00', '15:30:00', 1, '2024-11-27 20:12:54', '2024-11-27 20:12:54', 0),
(749, 53, '2024-12-12', '15:30:00', '15:45:00', 1, '2024-11-27 20:12:54', '2024-11-27 20:12:54', 0),
(750, 53, '2024-12-12', '15:45:00', '16:00:00', 1, '2024-11-27 20:12:54', '2024-11-27 20:12:54', 0),
(751, 53, '2024-12-12', '16:00:00', '16:15:00', 1, '2024-11-27 20:12:54', '2024-11-27 20:12:54', 0),
(752, 53, '2024-12-12', '16:15:00', '16:30:00', 1, '2024-11-27 20:12:55', '2024-11-27 20:12:55', 0),
(753, 53, '2024-12-12', '16:30:00', '16:45:00', 1, '2024-11-27 20:12:55', '2024-11-27 20:12:55', 0),
(754, 53, '2024-12-12', '16:45:00', '17:00:00', 1, '2024-11-27 20:12:55', '2024-11-27 20:12:55', 0),
(755, 53, '2024-12-12', '17:00:00', '17:15:00', 1, '2024-11-27 20:12:55', '2024-11-27 20:12:55', 0),
(756, 53, '2024-12-12', '17:15:00', '17:30:00', 1, '2024-11-27 20:12:56', '2024-11-27 20:12:56', 0),
(757, 53, '2024-12-12', '17:30:00', '17:45:00', 1, '2024-11-27 20:12:56', '2024-11-27 20:12:56', 0),
(758, 53, '2024-12-12', '17:45:00', '18:00:00', 1, '2024-11-27 20:12:56', '2024-11-27 20:12:56', 0),
(759, 53, '2024-12-13', '10:00:00', '10:15:00', 1, '2024-11-27 20:12:56', '2024-11-27 20:12:56', 0),
(760, 53, '2024-12-13', '10:15:00', '10:30:00', 1, '2024-11-27 20:12:57', '2024-11-27 20:12:57', 0),
(761, 53, '2024-12-13', '10:30:00', '10:45:00', 1, '2024-11-27 20:12:57', '2024-11-27 20:12:57', 0),
(762, 53, '2024-12-13', '10:45:00', '11:00:00', 1, '2024-11-27 20:12:57', '2024-11-27 20:12:57', 0),
(763, 53, '2024-12-13', '11:00:00', '11:15:00', 1, '2024-11-27 20:12:57', '2024-11-27 20:12:57', 0),
(764, 53, '2024-12-13', '11:15:00', '11:30:00', 1, '2024-11-27 20:12:58', '2024-11-27 20:12:58', 0),
(765, 53, '2024-12-13', '11:30:00', '11:45:00', 1, '2024-11-27 20:12:58', '2024-11-27 20:12:58', 0),
(766, 53, '2024-12-13', '11:45:00', '12:00:00', 1, '2024-11-27 20:12:58', '2024-11-27 20:12:58', 0),
(767, 53, '2024-12-13', '12:00:00', '12:15:00', 1, '2024-11-27 20:12:58', '2024-11-27 20:12:58', 0),
(768, 53, '2024-12-13', '12:15:00', '12:30:00', 1, '2024-11-27 20:12:59', '2024-11-27 20:12:59', 0),
(769, 53, '2024-12-13', '12:30:00', '12:45:00', 1, '2024-11-27 20:12:59', '2024-11-27 20:12:59', 0),
(770, 53, '2024-12-13', '12:45:00', '13:00:00', 1, '2024-11-27 20:12:59', '2024-11-27 20:12:59', 0),
(771, 53, '2024-12-13', '13:00:00', '13:15:00', 1, '2024-11-27 20:12:59', '2024-11-27 20:12:59', 0),
(772, 53, '2024-12-13', '13:15:00', '13:30:00', 1, '2024-11-27 20:13:00', '2024-11-27 20:13:00', 0),
(773, 53, '2024-12-13', '13:30:00', '13:45:00', 1, '2024-11-27 20:13:00', '2024-11-27 20:13:00', 0),
(774, 53, '2024-12-13', '13:45:00', '14:00:00', 1, '2024-11-27 20:13:00', '2024-11-27 20:13:00', 0),
(775, 53, '2024-12-13', '14:00:00', '14:15:00', 1, '2024-11-27 20:13:00', '2024-11-27 20:13:00', 0),
(776, 53, '2024-12-13', '14:15:00', '14:30:00', 1, '2024-11-27 20:13:01', '2024-11-27 20:13:01', 0),
(777, 53, '2024-12-13', '14:30:00', '14:45:00', 1, '2024-11-27 20:13:01', '2024-11-27 20:13:01', 0),
(778, 53, '2024-12-13', '14:45:00', '15:00:00', 1, '2024-11-27 20:13:01', '2024-11-27 20:13:01', 0),
(779, 53, '2024-12-13', '15:00:00', '15:15:00', 1, '2024-11-27 20:13:01', '2024-11-27 20:13:01', 0),
(780, 53, '2024-12-13', '15:15:00', '15:30:00', 1, '2024-11-27 20:13:02', '2024-11-27 20:13:02', 0),
(781, 53, '2024-12-13', '15:30:00', '15:45:00', 1, '2024-11-27 20:13:02', '2024-11-27 20:13:02', 0),
(782, 53, '2024-12-13', '15:45:00', '16:00:00', 1, '2024-11-27 20:13:02', '2024-11-27 20:13:02', 0),
(783, 53, '2024-12-13', '16:00:00', '16:15:00', 1, '2024-11-27 20:13:02', '2024-11-27 20:13:02', 0);
INSERT INTO `calendar` (`calendarid`, `agendaid`, `fechaturno`, `inicioturno`, `finalturno`, `estado`, `createdAt`, `updateAt`, `es_sobreturno`) VALUES
(784, 53, '2024-12-13', '16:15:00', '16:30:00', 1, '2024-11-27 20:13:03', '2024-11-27 20:13:03', 0),
(785, 53, '2024-12-13', '16:30:00', '16:45:00', 1, '2024-11-27 20:13:03', '2024-11-27 20:13:03', 0),
(786, 53, '2024-12-13', '16:45:00', '17:00:00', 1, '2024-11-27 20:13:03', '2024-11-27 20:13:03', 0),
(787, 53, '2024-12-13', '17:00:00', '17:15:00', 1, '2024-11-27 20:13:03', '2024-11-27 20:13:03', 0),
(788, 53, '2024-12-13', '17:15:00', '17:30:00', 1, '2024-11-27 20:13:04', '2024-11-27 20:13:04', 0),
(789, 53, '2024-12-13', '17:30:00', '17:45:00', 1, '2024-11-27 20:13:04', '2024-11-27 20:13:04', 0),
(790, 53, '2024-12-13', '17:45:00', '18:00:00', 1, '2024-11-27 20:13:04', '2024-11-27 20:13:04', 0),
(791, 53, '2024-12-16', '10:00:00', '10:15:00', 1, '2024-11-27 20:13:04', '2024-11-27 20:13:04', 0),
(792, 53, '2024-12-16', '10:15:00', '10:30:00', 1, '2024-11-27 20:13:05', '2024-11-27 20:13:05', 0),
(793, 53, '2024-12-16', '10:30:00', '10:45:00', 1, '2024-11-27 20:13:05', '2024-11-27 20:13:05', 0),
(794, 53, '2024-12-16', '10:45:00', '11:00:00', 1, '2024-11-27 20:13:05', '2024-11-27 20:13:05', 0),
(795, 53, '2024-12-16', '11:00:00', '11:15:00', 1, '2024-11-27 20:13:05', '2024-11-27 20:13:05', 0),
(796, 53, '2024-12-16', '11:15:00', '11:30:00', 1, '2024-11-27 20:13:06', '2024-11-27 20:13:06', 0),
(797, 53, '2024-12-16', '11:30:00', '11:45:00', 1, '2024-11-27 20:13:06', '2024-11-27 20:13:06', 0),
(798, 53, '2024-12-16', '11:45:00', '12:00:00', 1, '2024-11-27 20:13:06', '2024-11-27 20:13:06', 0),
(799, 53, '2024-12-16', '12:00:00', '12:15:00', 1, '2024-11-27 20:13:06', '2024-11-27 20:13:06', 0),
(800, 53, '2024-12-16', '12:15:00', '12:30:00', 1, '2024-11-27 20:13:07', '2024-11-27 20:13:07', 0),
(801, 53, '2024-12-16', '12:30:00', '12:45:00', 1, '2024-11-27 20:13:07', '2024-11-27 20:13:07', 0),
(802, 53, '2024-12-16', '12:45:00', '13:00:00', 1, '2024-11-27 20:13:07', '2024-11-27 20:13:07', 0),
(803, 53, '2024-12-16', '13:00:00', '13:15:00', 1, '2024-11-27 20:13:07', '2024-11-27 20:13:07', 0),
(804, 53, '2024-12-16', '13:15:00', '13:30:00', 1, '2024-11-27 20:13:08', '2024-11-27 20:13:08', 0),
(805, 53, '2024-12-16', '13:30:00', '13:45:00', 1, '2024-11-27 20:13:08', '2024-11-27 20:13:08', 0),
(806, 53, '2024-12-16', '13:45:00', '14:00:00', 1, '2024-11-27 20:13:08', '2024-11-27 20:13:08', 0),
(807, 53, '2024-12-16', '14:00:00', '14:15:00', 1, '2024-11-27 20:13:08', '2024-11-27 20:13:08', 0),
(808, 53, '2024-12-16', '14:15:00', '14:30:00', 1, '2024-11-27 20:13:09', '2024-11-27 20:13:09', 0),
(809, 53, '2024-12-16', '14:30:00', '14:45:00', 1, '2024-11-27 20:13:09', '2024-11-27 20:13:09', 0),
(810, 53, '2024-12-16', '14:45:00', '15:00:00', 1, '2024-11-27 20:13:09', '2024-11-27 20:13:09', 0),
(811, 53, '2024-12-16', '15:00:00', '15:15:00', 1, '2024-11-27 20:13:09', '2024-11-27 20:13:09', 0),
(812, 53, '2024-12-16', '15:15:00', '15:30:00', 1, '2024-11-27 20:13:10', '2024-11-27 20:13:10', 0),
(813, 53, '2024-12-16', '15:30:00', '15:45:00', 1, '2024-11-27 20:13:10', '2024-11-27 20:13:10', 0),
(814, 53, '2024-12-16', '15:45:00', '16:00:00', 1, '2024-11-27 20:13:10', '2024-11-27 20:13:10', 0),
(815, 53, '2024-12-16', '16:00:00', '16:15:00', 1, '2024-11-27 20:13:10', '2024-11-27 20:13:10', 0),
(816, 53, '2024-12-16', '16:15:00', '16:30:00', 1, '2024-11-27 20:13:11', '2024-11-27 20:13:11', 0),
(817, 53, '2024-12-16', '16:30:00', '16:45:00', 1, '2024-11-27 20:13:11', '2024-11-27 20:13:11', 0),
(818, 53, '2024-12-16', '16:45:00', '17:00:00', 1, '2024-11-27 20:13:11', '2024-11-27 20:13:11', 0),
(819, 53, '2024-12-16', '17:00:00', '17:15:00', 1, '2024-11-27 20:13:11', '2024-11-27 20:13:11', 0),
(820, 53, '2024-12-16', '17:15:00', '17:30:00', 1, '2024-11-27 20:13:12', '2024-11-27 20:13:12', 0),
(821, 53, '2024-12-16', '17:30:00', '17:45:00', 1, '2024-11-27 20:13:12', '2024-11-27 20:13:12', 0),
(822, 53, '2024-12-16', '17:45:00', '18:00:00', 1, '2024-11-27 20:13:12', '2024-11-27 20:13:12', 0),
(823, 53, '2024-12-17', '10:00:00', '10:15:00', 1, '2024-11-27 20:13:12', '2024-11-27 20:13:12', 0),
(824, 53, '2024-12-17', '10:15:00', '10:30:00', 1, '2024-11-27 20:13:13', '2024-11-27 20:13:13', 0),
(825, 53, '2024-12-17', '10:30:00', '10:45:00', 1, '2024-11-27 20:13:13', '2024-11-27 20:13:13', 0),
(826, 53, '2024-12-17', '10:45:00', '11:00:00', 1, '2024-11-27 20:13:13', '2024-11-27 20:13:13', 0),
(827, 53, '2024-12-17', '11:00:00', '11:15:00', 1, '2024-11-27 20:13:13', '2024-11-27 20:13:13', 0),
(828, 53, '2024-12-17', '11:15:00', '11:30:00', 1, '2024-11-27 20:13:14', '2024-11-27 20:13:14', 0),
(829, 53, '2024-12-17', '11:30:00', '11:45:00', 1, '2024-11-27 20:13:14', '2024-11-27 20:13:14', 0),
(830, 53, '2024-12-17', '11:45:00', '12:00:00', 1, '2024-11-27 20:13:14', '2024-11-27 20:13:14', 0),
(831, 53, '2024-12-17', '12:00:00', '12:15:00', 1, '2024-11-27 20:13:14', '2024-11-27 20:13:14', 0),
(832, 53, '2024-12-17', '12:15:00', '12:30:00', 1, '2024-11-27 20:13:15', '2024-11-27 20:13:15', 0),
(833, 53, '2024-12-17', '12:30:00', '12:45:00', 1, '2024-11-27 20:13:15', '2024-11-27 20:13:15', 0),
(834, 53, '2024-12-17', '12:45:00', '13:00:00', 1, '2024-11-27 20:13:15', '2024-11-27 20:13:15', 0),
(835, 53, '2024-12-17', '13:00:00', '13:15:00', 1, '2024-11-27 20:13:15', '2024-11-27 20:13:15', 0),
(836, 53, '2024-12-17', '13:15:00', '13:30:00', 1, '2024-11-27 20:13:16', '2024-11-27 20:13:16', 0),
(837, 53, '2024-12-17', '13:30:00', '13:45:00', 1, '2024-11-27 20:13:16', '2024-11-27 20:13:16', 0),
(838, 53, '2024-12-17', '13:45:00', '14:00:00', 1, '2024-11-27 20:13:16', '2024-11-27 20:13:16', 0),
(839, 53, '2024-12-17', '14:00:00', '14:15:00', 1, '2024-11-27 20:13:16', '2024-11-27 20:13:16', 0),
(840, 53, '2024-12-17', '14:15:00', '14:30:00', 1, '2024-11-27 20:13:17', '2024-11-27 20:13:17', 0),
(841, 53, '2024-12-17', '14:30:00', '14:45:00', 1, '2024-11-27 20:13:17', '2024-11-27 20:13:17', 0),
(842, 53, '2024-12-17', '14:45:00', '15:00:00', 1, '2024-11-27 20:13:17', '2024-11-27 20:13:17', 0),
(843, 53, '2024-12-17', '15:00:00', '15:15:00', 1, '2024-11-27 20:13:17', '2024-11-27 20:13:17', 0),
(844, 53, '2024-12-17', '15:15:00', '15:30:00', 1, '2024-11-27 20:13:18', '2024-11-27 20:13:18', 0),
(845, 53, '2024-12-17', '15:30:00', '15:45:00', 1, '2024-11-27 20:13:18', '2024-11-27 20:13:18', 0),
(846, 53, '2024-12-17', '15:45:00', '16:00:00', 1, '2024-11-27 20:13:18', '2024-11-27 20:13:18', 0),
(847, 53, '2024-12-17', '16:00:00', '16:15:00', 1, '2024-11-27 20:13:18', '2024-11-27 20:13:18', 0),
(848, 53, '2024-12-17', '16:15:00', '16:30:00', 1, '2024-11-27 20:13:19', '2024-11-27 20:13:19', 0),
(849, 53, '2024-12-17', '16:30:00', '16:45:00', 1, '2024-11-27 20:13:19', '2024-11-27 20:13:19', 0),
(850, 53, '2024-12-17', '16:45:00', '17:00:00', 1, '2024-11-27 20:13:19', '2024-11-27 20:13:19', 0),
(851, 53, '2024-12-17', '17:00:00', '17:15:00', 1, '2024-11-27 20:13:19', '2024-11-27 20:13:19', 0),
(852, 53, '2024-12-17', '17:15:00', '17:30:00', 1, '2024-11-27 20:13:20', '2024-11-27 20:13:20', 0),
(853, 53, '2024-12-17', '17:30:00', '17:45:00', 1, '2024-11-27 20:13:20', '2024-11-27 20:13:20', 0),
(854, 53, '2024-12-17', '17:45:00', '18:00:00', 1, '2024-11-27 20:13:20', '2024-11-27 20:13:20', 0),
(855, 53, '2024-12-18', '10:00:00', '10:15:00', 1, '2024-11-27 20:13:20', '2024-11-27 20:13:20', 0),
(856, 53, '2024-12-18', '10:15:00', '10:30:00', 1, '2024-11-27 20:13:21', '2024-11-27 20:13:21', 0),
(857, 53, '2024-12-18', '10:30:00', '10:45:00', 1, '2024-11-27 20:13:21', '2024-11-27 20:13:21', 0),
(858, 53, '2024-12-18', '10:45:00', '11:00:00', 1, '2024-11-27 20:13:21', '2024-11-27 20:13:21', 0),
(859, 53, '2024-12-18', '11:00:00', '11:15:00', 1, '2024-11-27 20:13:21', '2024-11-27 20:13:21', 0),
(860, 53, '2024-12-18', '11:15:00', '11:30:00', 1, '2024-11-27 20:13:22', '2024-11-27 20:13:22', 0),
(861, 53, '2024-12-18', '11:30:00', '11:45:00', 1, '2024-11-27 20:13:22', '2024-11-27 20:13:22', 0),
(862, 53, '2024-12-18', '11:45:00', '12:00:00', 1, '2024-11-27 20:13:22', '2024-11-27 20:13:22', 0),
(863, 53, '2024-12-18', '12:00:00', '12:15:00', 1, '2024-11-27 20:13:22', '2024-11-27 20:13:22', 0),
(864, 53, '2024-12-18', '12:15:00', '12:30:00', 1, '2024-11-27 20:13:23', '2024-11-27 20:13:23', 0),
(865, 53, '2024-12-18', '12:30:00', '12:45:00', 1, '2024-11-27 20:13:23', '2024-11-27 20:13:23', 0),
(866, 53, '2024-12-18', '12:45:00', '13:00:00', 1, '2024-11-27 20:13:23', '2024-11-27 20:13:23', 0),
(867, 53, '2024-12-18', '13:00:00', '13:15:00', 1, '2024-11-27 20:13:23', '2024-11-27 20:13:23', 0),
(868, 53, '2024-12-18', '13:15:00', '13:30:00', 1, '2024-11-27 20:13:24', '2024-11-27 20:13:24', 0),
(869, 53, '2024-12-18', '13:30:00', '13:45:00', 1, '2024-11-27 20:13:24', '2024-11-27 20:13:24', 0),
(870, 53, '2024-12-18', '13:45:00', '14:00:00', 1, '2024-11-27 20:13:24', '2024-11-27 20:13:24', 0),
(871, 53, '2024-12-18', '14:00:00', '14:15:00', 1, '2024-11-27 20:13:24', '2024-11-27 20:13:24', 0),
(872, 53, '2024-12-18', '14:15:00', '14:30:00', 1, '2024-11-27 20:13:25', '2024-11-27 20:13:25', 0),
(873, 53, '2024-12-18', '14:30:00', '14:45:00', 1, '2024-11-27 20:13:25', '2024-11-27 20:13:25', 0),
(874, 53, '2024-12-18', '14:45:00', '15:00:00', 1, '2024-11-27 20:13:25', '2024-11-27 20:13:25', 0),
(875, 53, '2024-12-18', '15:00:00', '15:15:00', 1, '2024-11-27 20:13:25', '2024-11-27 20:13:25', 0),
(876, 53, '2024-12-18', '15:15:00', '15:30:00', 1, '2024-11-27 20:13:26', '2024-11-27 20:13:26', 0),
(877, 53, '2024-12-18', '15:30:00', '15:45:00', 1, '2024-11-27 20:13:26', '2024-11-27 20:13:26', 0),
(878, 53, '2024-12-18', '15:45:00', '16:00:00', 1, '2024-11-27 20:13:26', '2024-11-27 20:13:26', 0),
(879, 53, '2024-12-18', '16:00:00', '16:15:00', 1, '2024-11-27 20:13:26', '2024-11-27 20:13:26', 0),
(880, 53, '2024-12-18', '16:15:00', '16:30:00', 1, '2024-11-27 20:13:27', '2024-11-27 20:13:27', 0),
(881, 53, '2024-12-18', '16:30:00', '16:45:00', 1, '2024-11-27 20:13:27', '2024-11-27 20:13:27', 0),
(882, 53, '2024-12-18', '16:45:00', '17:00:00', 1, '2024-11-27 20:13:27', '2024-11-27 20:13:27', 0),
(883, 53, '2024-12-18', '17:00:00', '17:15:00', 1, '2024-11-27 20:13:27', '2024-11-27 20:13:27', 0),
(884, 53, '2024-12-18', '17:15:00', '17:30:00', 1, '2024-11-27 20:13:28', '2024-11-27 20:13:28', 0),
(885, 53, '2024-12-18', '17:30:00', '17:45:00', 1, '2024-11-27 20:13:28', '2024-11-27 20:13:28', 0),
(886, 53, '2024-12-18', '17:45:00', '18:00:00', 1, '2024-11-27 20:13:28', '2024-11-27 20:13:28', 0),
(887, 53, '2024-12-19', '10:00:00', '10:15:00', 1, '2024-11-27 20:13:28', '2024-11-27 20:13:28', 0),
(888, 53, '2024-12-19', '10:15:00', '10:30:00', 1, '2024-11-27 20:13:29', '2024-11-27 20:13:29', 0),
(889, 53, '2024-12-19', '10:30:00', '10:45:00', 1, '2024-11-27 20:13:29', '2024-11-27 20:13:29', 0),
(890, 53, '2024-12-19', '10:45:00', '11:00:00', 1, '2024-11-27 20:13:29', '2024-11-27 20:13:29', 0),
(891, 53, '2024-12-19', '11:00:00', '11:15:00', 1, '2024-11-27 20:13:29', '2024-11-27 20:13:29', 0),
(892, 53, '2024-12-19', '11:15:00', '11:30:00', 1, '2024-11-27 20:13:30', '2024-11-27 20:13:30', 0),
(893, 53, '2024-12-19', '11:30:00', '11:45:00', 1, '2024-11-27 20:13:30', '2024-11-27 20:13:30', 0),
(894, 53, '2024-12-19', '11:45:00', '12:00:00', 1, '2024-11-27 20:13:30', '2024-11-27 20:13:30', 0),
(895, 53, '2024-12-19', '12:00:00', '12:15:00', 1, '2024-11-27 20:13:30', '2024-11-27 20:13:30', 0),
(896, 53, '2024-12-19', '12:15:00', '12:30:00', 1, '2024-11-27 20:13:31', '2024-11-27 20:13:31', 0),
(897, 53, '2024-12-19', '12:30:00', '12:45:00', 1, '2024-11-27 20:13:31', '2024-11-27 20:13:31', 0),
(898, 53, '2024-12-19', '12:45:00', '13:00:00', 1, '2024-11-27 20:13:31', '2024-11-27 20:13:31', 0),
(899, 53, '2024-12-19', '13:00:00', '13:15:00', 1, '2024-11-27 20:13:31', '2024-11-27 20:13:31', 0),
(900, 53, '2024-12-19', '13:15:00', '13:30:00', 1, '2024-11-27 20:13:32', '2024-11-27 20:13:32', 0),
(901, 53, '2024-12-19', '13:30:00', '13:45:00', 1, '2024-11-27 20:13:32', '2024-11-27 20:13:32', 0),
(902, 53, '2024-12-19', '13:45:00', '14:00:00', 1, '2024-11-27 20:13:32', '2024-11-27 20:13:32', 0),
(903, 53, '2024-12-19', '14:00:00', '14:15:00', 1, '2024-11-27 20:13:32', '2024-11-27 20:13:32', 0),
(904, 53, '2024-12-19', '14:15:00', '14:30:00', 1, '2024-11-27 20:13:33', '2024-11-27 20:13:33', 0),
(905, 53, '2024-12-19', '14:30:00', '14:45:00', 1, '2024-11-27 20:13:33', '2024-11-27 20:13:33', 0),
(906, 53, '2024-12-19', '14:45:00', '15:00:00', 1, '2024-11-27 20:13:33', '2024-11-27 20:13:33', 0),
(907, 53, '2024-12-19', '15:00:00', '15:15:00', 1, '2024-11-27 20:13:33', '2024-11-27 20:13:33', 0),
(908, 53, '2024-12-19', '15:15:00', '15:30:00', 1, '2024-11-27 20:13:34', '2024-11-27 20:13:34', 0),
(909, 53, '2024-12-19', '15:30:00', '15:45:00', 1, '2024-11-27 20:13:34', '2024-11-27 20:13:34', 0),
(910, 53, '2024-12-19', '15:45:00', '16:00:00', 1, '2024-11-27 20:13:34', '2024-11-27 20:13:34', 0),
(911, 53, '2024-12-19', '16:00:00', '16:15:00', 1, '2024-11-27 20:13:34', '2024-11-27 20:13:34', 0),
(912, 53, '2024-12-19', '16:15:00', '16:30:00', 1, '2024-11-27 20:13:35', '2024-11-27 20:13:35', 0),
(913, 53, '2024-12-19', '16:30:00', '16:45:00', 1, '2024-11-27 20:13:35', '2024-11-27 20:13:35', 0),
(914, 53, '2024-12-19', '16:45:00', '17:00:00', 1, '2024-11-27 20:13:35', '2024-11-27 20:13:35', 0),
(915, 53, '2024-12-19', '17:00:00', '17:15:00', 1, '2024-11-27 20:13:35', '2024-11-27 20:13:35', 0),
(916, 53, '2024-12-19', '17:15:00', '17:30:00', 1, '2024-11-27 20:13:36', '2024-11-27 20:13:36', 0),
(917, 53, '2024-12-19', '17:30:00', '17:45:00', 1, '2024-11-27 20:13:36', '2024-11-27 20:13:36', 0),
(918, 53, '2024-12-19', '17:45:00', '18:00:00', 1, '2024-11-27 20:13:36', '2024-11-27 20:13:36', 0),
(919, 53, '2024-12-20', '10:00:00', '10:15:00', 1, '2024-11-27 20:13:36', '2024-11-27 20:13:36', 0),
(920, 53, '2024-12-20', '10:15:00', '10:30:00', 1, '2024-11-27 20:13:37', '2024-11-27 20:13:37', 0),
(921, 53, '2024-12-20', '10:30:00', '10:45:00', 1, '2024-11-27 20:13:37', '2024-11-27 20:13:37', 0),
(922, 53, '2024-12-20', '10:45:00', '11:00:00', 1, '2024-11-27 20:13:37', '2024-11-27 20:13:37', 0),
(923, 53, '2024-12-20', '11:00:00', '11:15:00', 1, '2024-11-27 20:13:37', '2024-11-27 20:13:37', 0),
(924, 53, '2024-12-20', '11:15:00', '11:30:00', 1, '2024-11-27 20:13:38', '2024-11-27 20:13:38', 0),
(925, 53, '2024-12-20', '11:30:00', '11:45:00', 1, '2024-11-27 20:13:38', '2024-11-27 20:13:38', 0),
(926, 53, '2024-12-20', '11:45:00', '12:00:00', 1, '2024-11-27 20:13:38', '2024-11-27 20:13:38', 0),
(927, 53, '2024-12-20', '12:00:00', '12:15:00', 1, '2024-11-27 20:13:38', '2024-11-27 20:13:38', 0),
(928, 53, '2024-12-20', '12:15:00', '12:30:00', 1, '2024-11-27 20:13:39', '2024-11-27 20:13:39', 0),
(929, 53, '2024-12-20', '12:30:00', '12:45:00', 1, '2024-11-27 20:13:39', '2024-11-27 20:13:39', 0),
(930, 53, '2024-12-20', '12:45:00', '13:00:00', 1, '2024-11-27 20:13:39', '2024-11-27 20:13:39', 0),
(931, 53, '2024-12-20', '13:00:00', '13:15:00', 1, '2024-11-27 20:13:39', '2024-11-27 20:13:39', 0),
(932, 53, '2024-12-20', '13:15:00', '13:30:00', 1, '2024-11-27 20:13:40', '2024-11-27 20:13:40', 0),
(933, 53, '2024-12-20', '13:30:00', '13:45:00', 1, '2024-11-27 20:13:40', '2024-11-27 20:13:40', 0),
(934, 53, '2024-12-20', '13:45:00', '14:00:00', 1, '2024-11-27 20:13:40', '2024-11-27 20:13:40', 0),
(935, 53, '2024-12-20', '14:00:00', '14:15:00', 1, '2024-11-27 20:13:40', '2024-11-27 20:13:40', 0),
(936, 53, '2024-12-20', '14:15:00', '14:30:00', 1, '2024-11-27 20:13:41', '2024-11-27 20:13:41', 0),
(937, 53, '2024-12-20', '14:30:00', '14:45:00', 1, '2024-11-27 20:13:41', '2024-11-27 20:13:41', 0),
(938, 53, '2024-12-20', '14:45:00', '15:00:00', 1, '2024-11-27 20:13:41', '2024-11-27 20:13:41', 0),
(939, 53, '2024-12-20', '15:00:00', '15:15:00', 1, '2024-11-27 20:13:41', '2024-11-27 20:13:41', 0),
(940, 53, '2024-12-20', '15:15:00', '15:30:00', 1, '2024-11-27 20:13:42', '2024-11-27 20:13:42', 0),
(941, 53, '2024-12-20', '15:30:00', '15:45:00', 1, '2024-11-27 20:13:42', '2024-11-27 20:13:42', 0),
(942, 53, '2024-12-20', '15:45:00', '16:00:00', 1, '2024-11-27 20:13:42', '2024-11-27 20:13:42', 0),
(943, 53, '2024-12-20', '16:00:00', '16:15:00', 1, '2024-11-27 20:13:42', '2024-11-27 20:13:42', 0),
(944, 53, '2024-12-20', '16:15:00', '16:30:00', 1, '2024-11-27 20:13:43', '2024-11-27 20:13:43', 0),
(945, 53, '2024-12-20', '16:30:00', '16:45:00', 1, '2024-11-27 20:13:43', '2024-11-27 20:13:43', 0),
(946, 53, '2024-12-20', '16:45:00', '17:00:00', 1, '2024-11-27 20:13:43', '2024-11-27 20:13:43', 0),
(947, 53, '2024-12-20', '17:00:00', '17:15:00', 1, '2024-11-27 20:13:43', '2024-11-27 20:13:43', 0),
(948, 53, '2024-12-20', '17:15:00', '17:30:00', 1, '2024-11-27 20:13:44', '2024-11-27 20:13:44', 0),
(949, 53, '2024-12-20', '17:30:00', '17:45:00', 1, '2024-11-27 20:13:44', '2024-11-27 20:13:44', 0),
(950, 53, '2024-12-20', '17:45:00', '18:00:00', 1, '2024-11-27 20:13:44', '2024-11-27 20:13:44', 0),
(951, 53, '2024-12-23', '10:00:00', '10:15:00', 1, '2024-11-27 20:13:44', '2024-11-27 20:13:44', 0),
(952, 53, '2024-12-23', '10:15:00', '10:30:00', 1, '2024-11-27 20:13:45', '2024-11-27 20:13:45', 0),
(953, 53, '2024-12-23', '10:30:00', '10:45:00', 1, '2024-11-27 20:13:45', '2024-11-27 20:13:45', 0),
(954, 53, '2024-12-23', '10:45:00', '11:00:00', 1, '2024-11-27 20:13:45', '2024-11-27 20:13:45', 0),
(955, 53, '2024-12-23', '11:00:00', '11:15:00', 1, '2024-11-27 20:13:45', '2024-11-27 20:13:45', 0),
(956, 53, '2024-12-23', '11:15:00', '11:30:00', 1, '2024-11-27 20:13:46', '2024-11-27 20:13:46', 0),
(957, 53, '2024-12-23', '11:30:00', '11:45:00', 1, '2024-11-27 20:13:46', '2024-11-27 20:13:46', 0),
(958, 53, '2024-12-23', '11:45:00', '12:00:00', 1, '2024-11-27 20:13:46', '2024-11-27 20:13:46', 0),
(959, 53, '2024-12-23', '12:00:00', '12:15:00', 1, '2024-11-27 20:13:46', '2024-11-27 20:13:46', 0),
(960, 53, '2024-12-23', '12:15:00', '12:30:00', 1, '2024-11-27 20:13:47', '2024-11-27 20:13:47', 0),
(961, 53, '2024-12-23', '12:30:00', '12:45:00', 1, '2024-11-27 20:13:47', '2024-11-27 20:13:47', 0),
(962, 53, '2024-12-23', '12:45:00', '13:00:00', 1, '2024-11-27 20:13:47', '2024-11-27 20:13:47', 0),
(963, 53, '2024-12-23', '13:00:00', '13:15:00', 1, '2024-11-27 20:13:47', '2024-11-27 20:13:47', 0),
(964, 53, '2024-12-23', '13:15:00', '13:30:00', 1, '2024-11-27 20:13:48', '2024-11-27 20:13:48', 0),
(965, 53, '2024-12-23', '13:30:00', '13:45:00', 1, '2024-11-27 20:13:48', '2024-11-27 20:13:48', 0),
(966, 53, '2024-12-23', '13:45:00', '14:00:00', 1, '2024-11-27 20:13:48', '2024-11-27 20:13:48', 0),
(967, 53, '2024-12-23', '14:00:00', '14:15:00', 1, '2024-11-27 20:13:48', '2024-11-27 20:13:48', 0),
(968, 53, '2024-12-23', '14:15:00', '14:30:00', 1, '2024-11-27 20:13:49', '2024-11-27 20:13:49', 0),
(969, 53, '2024-12-23', '14:30:00', '14:45:00', 1, '2024-11-27 20:13:49', '2024-11-27 20:13:49', 0),
(970, 53, '2024-12-23', '14:45:00', '15:00:00', 1, '2024-11-27 20:13:49', '2024-11-27 20:13:49', 0),
(971, 53, '2024-12-23', '15:00:00', '15:15:00', 1, '2024-11-27 20:13:49', '2024-11-27 20:13:49', 0),
(972, 53, '2024-12-23', '15:15:00', '15:30:00', 1, '2024-11-27 20:13:50', '2024-11-27 20:13:50', 0),
(973, 53, '2024-12-23', '15:30:00', '15:45:00', 1, '2024-11-27 20:13:50', '2024-11-27 20:13:50', 0),
(974, 53, '2024-12-23', '15:45:00', '16:00:00', 1, '2024-11-27 20:13:50', '2024-11-27 20:13:50', 0),
(975, 53, '2024-12-23', '16:00:00', '16:15:00', 1, '2024-11-27 20:13:50', '2024-11-27 20:13:50', 0),
(976, 53, '2024-12-23', '16:15:00', '16:30:00', 1, '2024-11-27 20:13:51', '2024-11-27 20:13:51', 0),
(977, 53, '2024-12-23', '16:30:00', '16:45:00', 1, '2024-11-27 20:13:51', '2024-11-27 20:13:51', 0),
(978, 53, '2024-12-23', '16:45:00', '17:00:00', 1, '2024-11-27 20:13:51', '2024-11-27 20:13:51', 0),
(979, 53, '2024-12-23', '17:00:00', '17:15:00', 1, '2024-11-27 20:13:51', '2024-11-27 20:13:51', 0),
(980, 53, '2024-12-23', '17:15:00', '17:30:00', 1, '2024-11-27 20:13:52', '2024-11-27 20:13:52', 0),
(981, 53, '2024-12-23', '17:30:00', '17:45:00', 1, '2024-11-27 20:13:52', '2024-11-27 20:13:52', 0),
(982, 53, '2024-12-23', '17:45:00', '18:00:00', 1, '2024-11-27 20:13:52', '2024-11-27 20:13:52', 0),
(983, 53, '2024-12-24', '10:00:00', '10:15:00', 1, '2024-11-27 20:13:52', '2024-11-27 20:13:52', 0),
(984, 53, '2024-12-24', '10:15:00', '10:30:00', 1, '2024-11-27 20:13:53', '2024-11-27 20:13:53', 0),
(985, 53, '2024-12-24', '10:30:00', '10:45:00', 1, '2024-11-27 20:13:53', '2024-11-27 20:13:53', 0),
(986, 53, '2024-12-24', '10:45:00', '11:00:00', 1, '2024-11-27 20:13:53', '2024-11-27 20:13:53', 0),
(987, 53, '2024-12-24', '11:00:00', '11:15:00', 1, '2024-11-27 20:13:53', '2024-11-27 20:13:53', 0),
(988, 53, '2024-12-24', '11:15:00', '11:30:00', 1, '2024-11-27 20:13:54', '2024-11-27 20:13:54', 0),
(989, 53, '2024-12-24', '11:30:00', '11:45:00', 1, '2024-11-27 20:13:54', '2024-11-27 20:13:54', 0),
(990, 53, '2024-12-24', '11:45:00', '12:00:00', 1, '2024-11-27 20:13:54', '2024-11-27 20:13:54', 0),
(991, 53, '2024-12-24', '12:00:00', '12:15:00', 1, '2024-11-27 20:13:54', '2024-11-27 20:13:54', 0),
(992, 53, '2024-12-24', '12:15:00', '12:30:00', 1, '2024-11-27 20:13:55', '2024-11-27 20:13:55', 0),
(993, 53, '2024-12-24', '12:30:00', '12:45:00', 1, '2024-11-27 20:13:55', '2024-11-27 20:13:55', 0),
(994, 53, '2024-12-24', '12:45:00', '13:00:00', 1, '2024-11-27 20:13:55', '2024-11-27 20:13:55', 0),
(995, 53, '2024-12-24', '13:00:00', '13:15:00', 1, '2024-11-27 20:13:55', '2024-11-27 20:13:55', 0),
(996, 53, '2024-12-24', '13:15:00', '13:30:00', 1, '2024-11-27 20:13:56', '2024-11-27 20:13:56', 0),
(997, 53, '2024-12-24', '13:30:00', '13:45:00', 1, '2024-11-27 20:13:56', '2024-11-27 20:13:56', 0),
(998, 53, '2024-12-24', '13:45:00', '14:00:00', 1, '2024-11-27 20:13:56', '2024-11-27 20:13:56', 0),
(999, 53, '2024-12-24', '14:00:00', '14:15:00', 1, '2024-11-27 20:13:56', '2024-11-27 20:13:56', 0),
(1000, 53, '2024-12-24', '14:15:00', '14:30:00', 1, '2024-11-27 20:13:57', '2024-11-27 20:13:57', 0),
(1001, 53, '2024-12-24', '14:30:00', '14:45:00', 1, '2024-11-27 20:13:57', '2024-11-27 20:13:57', 0),
(1002, 53, '2024-12-24', '14:45:00', '15:00:00', 1, '2024-11-27 20:13:57', '2024-11-27 20:13:57', 0),
(1003, 53, '2024-12-24', '15:00:00', '15:15:00', 1, '2024-11-27 20:13:57', '2024-11-27 20:13:57', 0),
(1004, 53, '2024-12-24', '15:15:00', '15:30:00', 1, '2024-11-27 20:13:58', '2024-11-27 20:13:58', 0),
(1005, 53, '2024-12-24', '15:30:00', '15:45:00', 1, '2024-11-27 20:13:58', '2024-11-27 20:13:58', 0),
(1006, 53, '2024-12-24', '15:45:00', '16:00:00', 1, '2024-11-27 20:13:58', '2024-11-27 20:13:58', 0),
(1007, 53, '2024-12-24', '16:00:00', '16:15:00', 1, '2024-11-27 20:13:58', '2024-11-27 20:13:58', 0),
(1008, 53, '2024-12-24', '16:15:00', '16:30:00', 1, '2024-11-27 20:13:59', '2024-11-27 20:13:59', 0),
(1009, 53, '2024-12-24', '16:30:00', '16:45:00', 1, '2024-11-27 20:13:59', '2024-11-27 20:13:59', 0),
(1010, 53, '2024-12-24', '16:45:00', '17:00:00', 1, '2024-11-27 20:13:59', '2024-11-27 20:13:59', 0),
(1011, 53, '2024-12-24', '17:00:00', '17:15:00', 1, '2024-11-27 20:13:59', '2024-11-27 20:13:59', 0),
(1012, 53, '2024-12-24', '17:15:00', '17:30:00', 1, '2024-11-27 20:14:00', '2024-11-27 20:14:00', 0),
(1013, 53, '2024-12-24', '17:30:00', '17:45:00', 1, '2024-11-27 20:14:00', '2024-11-27 20:14:00', 0),
(1014, 53, '2024-12-24', '17:45:00', '18:00:00', 1, '2024-11-27 20:14:00', '2024-11-27 20:14:00', 0),
(1015, 53, '2024-12-25', '10:00:00', '10:15:00', 1, '2024-11-27 20:14:00', '2024-11-27 20:14:00', 0),
(1016, 53, '2024-12-25', '10:15:00', '10:30:00', 1, '2024-11-27 20:14:01', '2024-11-27 20:14:01', 0),
(1017, 53, '2024-12-25', '10:30:00', '10:45:00', 1, '2024-11-27 20:14:01', '2024-11-27 20:14:01', 0),
(1018, 53, '2024-12-25', '10:45:00', '11:00:00', 1, '2024-11-27 20:14:01', '2024-11-27 20:14:01', 0),
(1019, 53, '2024-12-25', '11:00:00', '11:15:00', 1, '2024-11-27 20:14:01', '2024-11-27 20:14:01', 0),
(1020, 53, '2024-12-25', '11:15:00', '11:30:00', 1, '2024-11-27 20:14:02', '2024-11-27 20:14:02', 0),
(1021, 53, '2024-12-25', '11:30:00', '11:45:00', 1, '2024-11-27 20:14:02', '2024-11-27 20:14:02', 0),
(1022, 53, '2024-12-25', '11:45:00', '12:00:00', 1, '2024-11-27 20:14:02', '2024-11-27 20:14:02', 0),
(1023, 53, '2024-12-25', '12:00:00', '12:15:00', 1, '2024-11-27 20:14:02', '2024-11-27 20:14:02', 0),
(1024, 53, '2024-12-25', '12:15:00', '12:30:00', 1, '2024-11-27 20:14:03', '2024-11-27 20:14:03', 0),
(1025, 53, '2024-12-25', '12:30:00', '12:45:00', 1, '2024-11-27 20:14:03', '2024-11-27 20:14:03', 0),
(1026, 53, '2024-12-25', '12:45:00', '13:00:00', 1, '2024-11-27 20:14:03', '2024-11-27 20:14:03', 0),
(1027, 53, '2024-12-25', '13:00:00', '13:15:00', 1, '2024-11-27 20:14:03', '2024-11-27 20:14:03', 0),
(1028, 53, '2024-12-25', '13:15:00', '13:30:00', 1, '2024-11-27 20:14:04', '2024-11-27 20:14:04', 0),
(1029, 53, '2024-12-25', '13:30:00', '13:45:00', 1, '2024-11-27 20:14:04', '2024-11-27 20:14:04', 0),
(1030, 53, '2024-12-25', '13:45:00', '14:00:00', 1, '2024-11-27 20:14:04', '2024-11-27 20:14:04', 0),
(1031, 53, '2024-12-25', '14:00:00', '14:15:00', 1, '2024-11-27 20:14:04', '2024-11-27 20:14:04', 0),
(1032, 53, '2024-12-25', '14:15:00', '14:30:00', 1, '2024-11-27 20:14:05', '2024-11-27 20:14:05', 0),
(1033, 53, '2024-12-25', '14:30:00', '14:45:00', 1, '2024-11-27 20:14:05', '2024-11-27 20:14:05', 0),
(1034, 53, '2024-12-25', '14:45:00', '15:00:00', 1, '2024-11-27 20:14:05', '2024-11-27 20:14:05', 0),
(1035, 53, '2024-12-25', '15:00:00', '15:15:00', 1, '2024-11-27 20:14:06', '2024-11-27 20:14:06', 0),
(1036, 53, '2024-12-25', '15:15:00', '15:30:00', 1, '2024-11-27 20:14:06', '2024-11-27 20:14:06', 0),
(1037, 53, '2024-12-25', '15:30:00', '15:45:00', 1, '2024-11-27 20:14:06', '2024-11-27 20:14:06', 0),
(1038, 53, '2024-12-25', '15:45:00', '16:00:00', 1, '2024-11-27 20:14:06', '2024-11-27 20:14:06', 0),
(1039, 53, '2024-12-25', '16:00:00', '16:15:00', 1, '2024-11-27 20:14:07', '2024-11-27 20:14:07', 0),
(1040, 53, '2024-12-25', '16:15:00', '16:30:00', 1, '2024-11-27 20:14:07', '2024-11-27 20:14:07', 0),
(1041, 53, '2024-12-25', '16:30:00', '16:45:00', 1, '2024-11-27 20:14:07', '2024-11-27 20:14:07', 0),
(1042, 53, '2024-12-25', '16:45:00', '17:00:00', 1, '2024-11-27 20:14:07', '2024-11-27 20:14:07', 0),
(1043, 53, '2024-12-25', '17:00:00', '17:15:00', 1, '2024-11-27 20:14:08', '2024-11-27 20:14:08', 0),
(1044, 53, '2024-12-25', '17:15:00', '17:30:00', 1, '2024-11-27 20:14:08', '2024-11-27 20:14:08', 0),
(1045, 53, '2024-12-25', '17:30:00', '17:45:00', 1, '2024-11-27 20:14:08', '2024-11-27 20:14:08', 0),
(1046, 53, '2024-12-25', '17:45:00', '18:00:00', 1, '2024-11-27 20:14:08', '2024-11-27 20:14:08', 0),
(1047, 53, '2024-12-26', '10:00:00', '10:15:00', 1, '2024-11-27 20:14:09', '2024-11-27 20:14:09', 0),
(1048, 53, '2024-12-26', '10:15:00', '10:30:00', 1, '2024-11-27 20:14:09', '2024-11-27 20:14:09', 0),
(1049, 53, '2024-12-26', '10:30:00', '10:45:00', 1, '2024-11-27 20:14:09', '2024-11-27 20:14:09', 0),
(1050, 53, '2024-12-26', '10:45:00', '11:00:00', 1, '2024-11-27 20:14:09', '2024-11-27 20:14:09', 0),
(1051, 53, '2024-12-26', '11:00:00', '11:15:00', 1, '2024-11-27 20:14:10', '2024-11-27 20:14:10', 0),
(1052, 53, '2024-12-26', '11:15:00', '11:30:00', 1, '2024-11-27 20:14:10', '2024-11-27 20:14:10', 0),
(1053, 53, '2024-12-26', '11:30:00', '11:45:00', 1, '2024-11-27 20:14:10', '2024-11-27 20:14:10', 0),
(1054, 53, '2024-12-26', '11:45:00', '12:00:00', 1, '2024-11-27 20:14:10', '2024-11-27 20:14:10', 0),
(1055, 53, '2024-12-26', '12:00:00', '12:15:00', 1, '2024-11-27 20:14:11', '2024-11-27 20:14:11', 0),
(1056, 53, '2024-12-26', '12:15:00', '12:30:00', 1, '2024-11-27 20:14:11', '2024-11-27 20:14:11', 0),
(1057, 53, '2024-12-26', '12:30:00', '12:45:00', 1, '2024-11-27 20:14:11', '2024-11-27 20:14:11', 0),
(1058, 53, '2024-12-26', '12:45:00', '13:00:00', 1, '2024-11-27 20:14:11', '2024-11-27 20:14:11', 0),
(1059, 53, '2024-12-26', '13:00:00', '13:15:00', 1, '2024-11-27 20:14:12', '2024-11-27 20:14:12', 0),
(1060, 53, '2024-12-26', '13:15:00', '13:30:00', 1, '2024-11-27 20:14:12', '2024-11-27 20:14:12', 0),
(1061, 53, '2024-12-26', '13:30:00', '13:45:00', 1, '2024-11-27 20:14:12', '2024-11-27 20:14:12', 0),
(1062, 53, '2024-12-26', '13:45:00', '14:00:00', 1, '2024-11-27 20:14:12', '2024-11-27 20:14:12', 0),
(1063, 53, '2024-12-26', '14:00:00', '14:15:00', 1, '2024-11-27 20:14:13', '2024-11-27 20:14:13', 0),
(1064, 53, '2024-12-26', '14:15:00', '14:30:00', 1, '2024-11-27 20:14:13', '2024-11-27 20:14:13', 0),
(1065, 53, '2024-12-26', '14:30:00', '14:45:00', 1, '2024-11-27 20:14:13', '2024-11-27 20:14:13', 0),
(1066, 53, '2024-12-26', '14:45:00', '15:00:00', 1, '2024-11-27 20:14:13', '2024-11-27 20:14:13', 0),
(1067, 53, '2024-12-26', '15:00:00', '15:15:00', 1, '2024-11-27 20:14:14', '2024-11-27 20:14:14', 0),
(1068, 53, '2024-12-26', '15:15:00', '15:30:00', 1, '2024-11-27 20:14:14', '2024-11-27 20:14:14', 0),
(1069, 53, '2024-12-26', '15:30:00', '15:45:00', 1, '2024-11-27 20:14:14', '2024-11-27 20:14:14', 0),
(1070, 53, '2024-12-26', '15:45:00', '16:00:00', 1, '2024-11-27 20:14:14', '2024-11-27 20:14:14', 0),
(1071, 53, '2024-12-26', '16:00:00', '16:15:00', 1, '2024-11-27 20:14:15', '2024-11-27 20:14:15', 0),
(1072, 53, '2024-12-26', '16:15:00', '16:30:00', 1, '2024-11-27 20:14:15', '2024-11-27 20:14:15', 0),
(1073, 53, '2024-12-26', '16:30:00', '16:45:00', 1, '2024-11-27 20:14:15', '2024-11-27 20:14:15', 0),
(1074, 53, '2024-12-26', '16:45:00', '17:00:00', 1, '2024-11-27 20:14:15', '2024-11-27 20:14:15', 0),
(1075, 53, '2024-12-26', '17:00:00', '17:15:00', 1, '2024-11-27 20:14:16', '2024-11-27 20:14:16', 0),
(1076, 53, '2024-12-26', '17:15:00', '17:30:00', 1, '2024-11-27 20:14:16', '2024-11-27 20:14:16', 0),
(1077, 53, '2024-12-26', '17:30:00', '17:45:00', 1, '2024-11-27 20:14:16', '2024-11-27 20:14:16', 0),
(1078, 53, '2024-12-26', '17:45:00', '18:00:00', 1, '2024-11-27 20:14:16', '2024-11-27 20:14:16', 0),
(1079, 53, '2024-12-27', '10:00:00', '10:15:00', 1, '2024-11-27 20:14:17', '2024-11-27 20:14:17', 0),
(1080, 53, '2024-12-27', '10:15:00', '10:30:00', 1, '2024-11-27 20:14:17', '2024-11-27 20:14:17', 0),
(1081, 53, '2024-12-27', '10:30:00', '10:45:00', 1, '2024-11-27 20:14:17', '2024-11-27 20:14:17', 0),
(1082, 53, '2024-12-27', '10:45:00', '11:00:00', 1, '2024-11-27 20:14:17', '2024-11-27 20:14:17', 0),
(1083, 53, '2024-12-27', '11:00:00', '11:15:00', 1, '2024-11-27 20:14:18', '2024-11-27 20:14:18', 0),
(1084, 53, '2024-12-27', '11:15:00', '11:30:00', 1, '2024-11-27 20:14:18', '2024-11-27 20:14:18', 0),
(1085, 53, '2024-12-27', '11:30:00', '11:45:00', 1, '2024-11-27 20:14:18', '2024-11-27 20:14:18', 0),
(1086, 53, '2024-12-27', '11:45:00', '12:00:00', 1, '2024-11-27 20:14:18', '2024-11-27 20:14:18', 0),
(1087, 53, '2024-12-27', '12:00:00', '12:15:00', 1, '2024-11-27 20:14:19', '2024-11-27 20:14:19', 0),
(1088, 53, '2024-12-27', '12:15:00', '12:30:00', 1, '2024-11-27 20:14:19', '2024-11-27 20:14:19', 0),
(1089, 53, '2024-12-27', '12:30:00', '12:45:00', 1, '2024-11-27 20:14:19', '2024-11-27 20:14:19', 0),
(1090, 53, '2024-12-27', '12:45:00', '13:00:00', 1, '2024-11-27 20:14:19', '2024-11-27 20:14:19', 0),
(1091, 53, '2024-12-27', '13:00:00', '13:15:00', 1, '2024-11-27 20:14:20', '2024-11-27 20:14:20', 0),
(1092, 53, '2024-12-27', '13:15:00', '13:30:00', 1, '2024-11-27 20:14:20', '2024-11-27 20:14:20', 0),
(1093, 53, '2024-12-27', '13:30:00', '13:45:00', 1, '2024-11-27 20:14:20', '2024-11-27 20:14:20', 0),
(1094, 53, '2024-12-27', '13:45:00', '14:00:00', 1, '2024-11-27 20:14:20', '2024-11-27 20:14:20', 0),
(1095, 53, '2024-12-27', '14:00:00', '14:15:00', 1, '2024-11-27 20:14:21', '2024-11-27 20:14:21', 0),
(1096, 53, '2024-12-27', '14:15:00', '14:30:00', 1, '2024-11-27 20:14:21', '2024-11-27 20:14:21', 0),
(1097, 53, '2024-12-27', '14:30:00', '14:45:00', 1, '2024-11-27 20:14:21', '2024-11-27 20:14:21', 0),
(1098, 53, '2024-12-27', '14:45:00', '15:00:00', 1, '2024-11-27 20:14:21', '2024-11-27 20:14:21', 0),
(1099, 53, '2024-12-27', '15:00:00', '15:15:00', 1, '2024-11-27 20:14:22', '2024-11-27 20:14:22', 0),
(1100, 53, '2024-12-27', '15:15:00', '15:30:00', 1, '2024-11-27 20:14:22', '2024-11-27 20:14:22', 0),
(1101, 53, '2024-12-27', '15:30:00', '15:45:00', 1, '2024-11-27 20:14:22', '2024-11-27 20:14:22', 0),
(1102, 53, '2024-12-27', '15:45:00', '16:00:00', 1, '2024-11-27 20:14:23', '2024-11-27 20:14:23', 0),
(1103, 53, '2024-12-27', '16:00:00', '16:15:00', 1, '2024-11-27 20:14:23', '2024-11-27 20:14:23', 0),
(1104, 53, '2024-12-27', '16:15:00', '16:30:00', 1, '2024-11-27 20:14:23', '2024-11-27 20:14:23', 0),
(1105, 53, '2024-12-27', '16:30:00', '16:45:00', 1, '2024-11-27 20:14:23', '2024-11-27 20:14:23', 0),
(1106, 53, '2024-12-27', '16:45:00', '17:00:00', 1, '2024-11-27 20:14:24', '2024-11-27 20:14:24', 0),
(1107, 53, '2024-12-27', '17:00:00', '17:15:00', 1, '2024-11-27 20:14:24', '2024-11-27 20:14:24', 0),
(1108, 53, '2024-12-27', '17:15:00', '17:30:00', 1, '2024-11-27 20:14:24', '2024-11-27 20:14:24', 0),
(1109, 53, '2024-12-27', '17:30:00', '17:45:00', 1, '2024-11-27 20:14:24', '2024-11-27 20:14:24', 0),
(1110, 53, '2024-12-27', '17:45:00', '18:00:00', 1, '2024-11-27 20:14:25', '2024-11-27 20:14:25', 0),
(1111, 54, '2024-11-29', '10:00:00', '11:00:00', 2, '2024-11-28 04:15:29', '2024-11-28 04:15:29', 0),
(1112, 54, '2024-11-29', '11:00:00', '12:00:00', 2, '2024-11-28 04:15:29', '2024-11-28 04:15:29', 0),
(1113, 54, '2024-11-29', '12:00:00', '13:00:00', 2, '2024-11-28 04:15:29', '2024-11-28 04:15:29', 0);

-- --------------------------------------------------------

--
-- Estructura de tabla para la tabla `especialidad`
--

CREATE TABLE `especialidad` (
  `especialidadId` int NOT NULL,
  `nombre_esp` varchar(250) CHARACTER SET latin1 COLLATE latin1_swedish_ci NOT NULL,
  `estado` tinyint NOT NULL,
  `createdAt` datetime NOT NULL,
  `updateAt` datetime NOT NULL
) ENGINE=InnoDB DEFAULT CHARSET=utf8mb4 COLLATE=utf8mb4_general_ci;

--
-- Volcado de datos para la tabla `especialidad`
--

INSERT INTO `especialidad` (`especialidadId`, `nombre_esp`, `estado`, `createdAt`, `updateAt`) VALUES
(21, 'medicina general', 1, '2024-11-12 21:23:48', '2024-11-13 19:35:45'),
(22, 'Pediatria', 1, '2024-11-12 21:23:59', '2024-11-12 21:23:59'),
(23, 'medico gerontólogo', 1, '2024-11-12 21:24:10', '2024-11-12 21:24:10'),
(24, 'diagnostico por imágenes', 1, '2024-11-13 18:39:32', '2024-11-13 19:35:46'),
(25, 'traumatologo', 1, '2024-11-14 15:04:08', '2024-11-14 15:04:08'),
(26, 'bioquimico', 1, '2024-11-14 15:04:17', '2024-11-14 15:04:17'),
(27, 'psiquiatria', 1, '2024-11-14 15:04:23', '2024-11-14 15:04:23'),
(28, 'test', 1, '2024-11-15 13:43:26', '2024-11-15 13:43:26');

-- --------------------------------------------------------

--
-- Estructura de tabla para la tabla `estado`
--

CREATE TABLE `estado` (
  `estadoid` int NOT NULL,
  `tipo` varchar(100) CHARACTER SET latin1 COLLATE latin1_swedish_ci NOT NULL,
  `createdAt` datetime NOT NULL,
  `updateAt` datetime NOT NULL
) ENGINE=InnoDB DEFAULT CHARSET=utf8mb4 COLLATE=utf8mb4_general_ci;

--
-- Volcado de datos para la tabla `estado`
--

INSERT INTO `estado` (`estadoid`, `tipo`, `createdAt`, `updateAt`) VALUES
(1, 'Disponible', '2024-11-12 22:07:35', '2024-11-12 22:07:35'),
(2, 'Reservado', '2024-11-12 22:07:35', '2024-11-12 22:07:35'),
(3, 'Cancelado', '2024-11-12 22:07:35', '2024-11-12 22:07:35'),
(4, 'Confirmado', '2024-11-12 22:07:35', '2024-11-12 22:07:35'),
(9, 'Atendido', '2024-11-12 22:08:40', '2024-11-12 22:08:40');

-- --------------------------------------------------------

--
-- Estructura de tabla para la tabla `medicos`
--

CREATE TABLE `medicos` (
  `medicoid` int NOT NULL,
  `personaid` int NOT NULL,
  `especialidadId` int NOT NULL,
  `estado` tinyint NOT NULL,
  `createdAt` datetime NOT NULL,
  `updateAt` datetime NOT NULL
) ENGINE=InnoDB DEFAULT CHARSET=utf8mb4 COLLATE=utf8mb4_general_ci;

--
-- Volcado de datos para la tabla `medicos`
--

INSERT INTO `medicos` (`medicoid`, `personaid`, `especialidadId`, `estado`, `createdAt`, `updateAt`) VALUES
(4, 20, 21, 1, '2024-11-12 22:41:37', '2024-11-12 22:41:37'),
(5, 23, 25, 1, '2024-11-14 15:06:30', '2024-11-14 15:06:30'),
(6, 24, 23, 1, '2024-11-14 15:07:42', '2024-11-14 15:07:42'),
(7, 25, 24, 1, '2024-11-14 15:12:26', '2024-11-14 15:12:26'),
(8, 26, 21, 1, '2024-11-14 15:14:27', '2024-11-14 15:14:27');

-- --------------------------------------------------------

--
-- Estructura de tabla para la tabla `medico_esp`
--

CREATE TABLE `medico_esp` (
  `matricula` varchar(100) COLLATE utf8mb4_general_ci NOT NULL,
  `medicoid` int NOT NULL,
  `especialidadid` int NOT NULL,
  `createdAt` datetime NOT NULL,
  `updateAt` datetime NOT NULL
) ENGINE=InnoDB DEFAULT CHARSET=utf8mb4 COLLATE=utf8mb4_general_ci;

--
-- Volcado de datos para la tabla `medico_esp`
--

INSERT INTO `medico_esp` (`matricula`, `medicoid`, `especialidadid`, `createdAt`, `updateAt`) VALUES
('SD234234', 4, 21, '2024-11-12 22:41:37', '2024-11-12 22:41:37'),
('jj234565123', 5, 25, '2024-11-14 15:06:30', '2024-11-14 15:06:30'),
('aa1234ertg', 6, 23, '2024-11-14 15:07:42', '2024-11-14 15:07:42'),
('jj234585wee', 7, 24, '2024-11-14 15:12:26', '2024-11-14 15:12:26'),
('jj234585xcde', 8, 21, '2024-11-14 15:14:27', '2024-11-14 15:14:27');

-- --------------------------------------------------------

--
-- Estructura de tabla para la tabla `obra_social`
--

CREATE TABLE `obra_social` (
  `id_obra_social` int NOT NULL,
  `nombre` varchar(100) NOT NULL,
  `estado` tinyint NOT NULL,
  `createAt` datetime NOT NULL,
  `updateAt` datetime NOT NULL
) ENGINE=InnoDB DEFAULT CHARSET=utf8;

--
-- Volcado de datos para la tabla `obra_social`
--

INSERT INTO `obra_social` (`id_obra_social`, `nombre`, `estado`, `createAt`, `updateAt`) VALUES
(1, 'OSDE', 1, '2024-11-14 17:11:23', '0000-00-00 00:00:00'),
(2, 'SANCOR SALUD', 1, '2024-11-14 17:11:43', '0000-00-00 00:00:00'),
(3, 'PARTICULAR', 1, '2024-11-14 17:12:28', '2024-11-15 00:46:18'),
(4, 'DOSEP', 1, '2024-11-14 17:12:53', '0000-00-00 00:00:00'),
(6, 'Particular', 0, '2024-11-14 18:33:49', '2024-11-15 00:46:37');

-- --------------------------------------------------------

--
-- Estructura de tabla para la tabla `perfil`
--

CREATE TABLE `perfil` (
  `perfilid` int NOT NULL,
  `tipo` varchar(100) CHARACTER SET latin1 COLLATE latin1_swedish_ci NOT NULL,
  `permisos` varchar(250) CHARACTER SET latin1 COLLATE latin1_swedish_ci NOT NULL
) ENGINE=InnoDB DEFAULT CHARSET=utf8mb4 COLLATE=utf8mb4_general_ci;

--
-- Volcado de datos para la tabla `perfil`
--

INSERT INTO `perfil` (`perfilid`, `tipo`, `permisos`) VALUES
(1, 'admin', 'all'),
(2, 'medico', ''),
(3, 'secretaria', ''),
(4, 'paciente', 'turnos');

-- --------------------------------------------------------

--
-- Estructura de tabla para la tabla `persona`
--

CREATE TABLE `persona` (
  `personaid` int NOT NULL,
  `userid` int DEFAULT NULL,
  `dni` int NOT NULL,
  `nombre` varchar(100) CHARACTER SET latin1 COLLATE latin1_swedish_ci NOT NULL,
  `apellido` varchar(100) CHARACTER SET latin1 COLLATE latin1_swedish_ci NOT NULL,
  `direccion` varchar(100) COLLATE utf8mb4_general_ci NOT NULL,
  `localidad` varchar(100) CHARACTER SET latin1 COLLATE latin1_swedish_ci NOT NULL,
  `telefono` varchar(20) COLLATE utf8mb4_general_ci NOT NULL,
  `mail` varchar(100) CHARACTER SET latin1 COLLATE latin1_swedish_ci NOT NULL,
  `foto_dni` varchar(255) COLLATE utf8mb4_general_ci DEFAULT NULL,
  `foto_perfil` varchar(255) COLLATE utf8mb4_general_ci DEFAULT NULL,
  `createdAt` datetime NOT NULL,
  `updateAt` datetime NOT NULL,
  `obra_social` int DEFAULT NULL
) ENGINE=InnoDB DEFAULT CHARSET=utf8mb4 COLLATE=utf8mb4_general_ci;

--
-- Volcado de datos para la tabla `persona`
--

INSERT INTO `persona` (`personaid`, `userid`, `dni`, `nombre`, `apellido`, `direccion`, `localidad`, `telefono`, `mail`, `foto_dni`, `foto_perfil`, `createdAt`, `updateAt`, `obra_social`) VALUES
(17, 12, 55554262, 'mauro', 'benito', 'Colon 445 San luis', 'san luis', '458-7855423', 'admin', '/uploads/dni/1731269742655.jpg', NULL, '2024-11-10 20:15:45', '2024-11-14 18:06:26', NULL),
(18, 13, 11111111, 'Emanuel ', 'Sosa', 'a', 'a', '121-2121212', 'admin1', '/uploads/dni/1731274895772.avif', '1731631536096.avif', '2024-11-10 21:41:37', '2024-11-10 21:41:52', NULL),
(19, 15, 12345678, 'Raul', 'casa', 'casa 1', 'San Luis', '266-4123456', 'raul@gmail.com', NULL, NULL, '2024-11-12 22:38:31', '2024-11-12 22:38:31', NULL),
(20, 16, 12345670, 'Jose', 'Marco', 'casa 1', 'San Luis', '266-4123456', 'Jose@gmail.com', NULL, NULL, '2024-11-12 22:41:36', '2024-11-12 22:41:36', 4),
(23, 19, 28957451, 'ruben', 'jaurez', 'saavedra 545', 'juana koslay', '266-4857456', 'rubenj', NULL, NULL, '2024-11-14 15:06:30', '2024-11-14 15:06:30', NULL),
(24, 20, 31584565, 'ludmila', 'cavallo', 'casa 55 manzana 5558', 'juana koslay', '266-4874513', 'ludmis', NULL, NULL, '2024-11-14 15:07:42', '2024-11-14 15:07:42', NULL),
(25, 21, 14587546, 'jorge', 'panzudo', 'lavalle 587', 'san luis', '266-5496572', 'panzudo@gg.com', NULL, NULL, '2024-11-14 15:12:26', '2024-11-14 15:12:26', NULL),
(26, 22, 85454521, 'sofia', 'saens', 'saladivar 456', 'villa mercedes', '266-1457455', 'ss@gmail.com', NULL, NULL, '2024-11-14 15:14:27', '2024-11-14 15:14:27', NULL),
(27, 23, 32584567, 'pablo', 'perez', 'lafinor 214', 'san luis', '232-3232332', 'pablo@gmail.com', NULL, NULL, '2024-11-14 15:27:56', '2024-11-14 15:27:56', NULL),
(28, 24, 12475285, 'juan ', 'sale', 'sosa 4536', 'juana koslay', '266-5894756', 'sale@gmail.com', NULL, NULL, '2024-11-14 15:29:15', '2024-11-14 15:29:15', NULL),
(29, 25, 15845412, 'pedro', 'sosa', 'casa 2 manzana 1', 'san luis', '266-3454545', 'pp@sas.com', NULL, NULL, '2024-11-14 15:32:28', '2024-11-14 15:32:28', NULL),
(30, 26, 42587564, 'perla', 'sanchez', 'Colon 1024', 'villa mercedes', '266-5876545', 'perla@gmail.com', NULL, NULL, '2024-11-14 15:37:26', '2024-11-14 15:37:26', NULL),
(31, 27, 31874531, 'jazmin', 'perez', 'lavalle 2123', 'san luis', '266-4657454', 'jp@gmail.com', NULL, NULL, '2024-11-14 15:39:16', '2024-11-14 15:39:16', NULL),
(32, 28, 44360403, 'Federico', 'casa', 'Av italias 1121', 'San Luis', '233-3232323', 'fede@gmail.com', '1731606326501.png', NULL, '2024-11-14 17:45:27', '2024-11-14 17:45:27', 1);

-- --------------------------------------------------------

--
-- Estructura de tabla para la tabla `sucursal`
--

CREATE TABLE `sucursal` (
  `sucursalid` int NOT NULL,
  `nombre_sucrsal` varchar(100) COLLATE utf8mb4_general_ci NOT NULL,
  `direccion` varchar(100) CHARACTER SET latin1 COLLATE latin1_swedish_ci NOT NULL,
  `estado` tinyint NOT NULL,
  `telefono` varchar(20) COLLATE utf8mb4_general_ci DEFAULT NULL,
  `email` varchar(100) COLLATE utf8mb4_general_ci DEFAULT NULL,
  `createdAt` datetime NOT NULL,
  `updateAt` datetime NOT NULL
) ENGINE=InnoDB DEFAULT CHARSET=utf8mb4 COLLATE=utf8mb4_general_ci;

--
-- Volcado de datos para la tabla `sucursal`
--

INSERT INTO `sucursal` (`sucursalid`, `nombre_sucrsal`, `direccion`, `estado`, `telefono`, `email`, `createdAt`, `updateAt`) VALUES
(1, 'Sucursal Principal', 'Av. Principal 123', 1, NULL, NULL, '2024-11-12 22:09:48', '2024-11-12 22:09:48'),
(2, 'Clínica Central', 'Av. Principal 123', 1, '255-5555555', NULL, '2024-11-12 22:44:33', '2024-11-12 22:44:33');

-- --------------------------------------------------------

--
-- Estructura de tabla para la tabla `tipoatencion`
--

CREATE TABLE `tipoatencion` (
  `atencionid` int NOT NULL,
  `tipo` varchar(100) CHARACTER SET latin1 COLLATE latin1_swedish_ci NOT NULL,
  `descripcion` varchar(100) COLLATE utf8mb4_general_ci NOT NULL,
  `observaciones` varchar(100) COLLATE utf8mb4_general_ci NOT NULL
) ENGINE=InnoDB DEFAULT CHARSET=utf8mb4 COLLATE=utf8mb4_general_ci;

--
-- Volcado de datos para la tabla `tipoatencion`
--

INSERT INTO `tipoatencion` (`atencionid`, `tipo`, `descripcion`, `observaciones`) VALUES
(2, 'normal', 'agenda normal', ''),
(3, 'control', 'control medico', ''),
(4, 'estudios', 'tomografia, radiografia, resonancia', ''),
(5, 'internacion', 'paciente ingresa como huesped', ''),
(6, 'sobreturno', 'Atención adicional entre turnos', 'Para casos especiales');

-- --------------------------------------------------------

--
-- Estructura de tabla para la tabla `turno`
--

CREATE TABLE `turno` (
  `turniid` int NOT NULL,
  `persona_id` int NOT NULL,
  `calendar_id` int NOT NULL,
  `fecha` date NOT NULL,
  `hora` time NOT NULL,
  `estadoturno_id` int NOT NULL,
  `observaciones` varchar(100) CHARACTER SET latin1 COLLATE latin1_swedish_ci NOT NULL,
  `fecha_confirmacion` datetime DEFAULT NULL,
  `esSobreturno` tinyint(1) DEFAULT '0',
  `motivoSobreturno` varchar(255) COLLATE utf8mb4_general_ci DEFAULT NULL
) ENGINE=InnoDB DEFAULT CHARSET=utf8mb4 COLLATE=utf8mb4_general_ci;

--
-- Volcado de datos para la tabla `turno`
--

INSERT INTO `turno` (`turniid`, `persona_id`, `calendar_id`, `fecha`, `hora`, `estadoturno_id`, `observaciones`, `fecha_confirmacion`, `esSobreturno`, `motivoSobreturno`) VALUES
(2, 19, 281, '2024-11-14', '10:00:00', 3, '', '2024-11-14 22:02:45', 0, NULL),
(3, 20, 282, '2024-11-14', '10:45:00', 4, '', '2024-11-15 00:34:49', 0, NULL),
(5, 19, 358, '2024-11-21', '12:00:00', 4, '', '2024-11-14 22:37:24', 0, NULL),
(6, 32, 284, '2024-11-14', '12:15:00', 4, '', '2024-11-14 22:47:09', 0, NULL),
(7, 29, 359, '2024-11-21', '12:30:00', 4, '', '2024-11-14 22:47:42', 0, NULL),
(8, 32, 285, '2024-11-14', '13:00:00', 4, '', '2024-11-14 22:48:44', 0, NULL),
(9, 27, 290, '2024-11-15', '11:30:00', 4, '', '2024-11-14 22:51:45', 0, NULL),
(10, 19, 287, '2024-11-14', '14:30:00', 4, '', '2024-11-14 22:52:13', 0, NULL),
(11, 19, 291, '2024-11-15', '12:15:00', 4, '', '2024-11-14 22:54:13', 0, NULL),
(12, 27, 286, '2024-11-14', '13:45:00', 4, '', '2024-11-14 22:58:02', 0, NULL),
(13, 27, 289, '2024-11-15', '10:45:00', 4, '', '2024-11-14 22:58:14', 0, NULL),
(14, 19, 293, '2024-11-15', '13:45:00', 4, '', '2024-11-14 23:00:29', 0, NULL),
(15, 27, 367, '2024-11-18', '16:56:00', 4, '', '2024-11-14 23:02:22', 0, NULL),
(16, 32, 368, '2024-11-18', '17:41:00', 4, '', '2024-11-14 23:04:41', 0, NULL),
(17, 19, 361, '2024-11-21', '13:30:00', 4, '', '2024-11-14 23:08:10', 0, NULL),
(18, 18, 366, '2024-11-18', '16:11:00', 4, '', '2024-11-14 23:09:45', 0, NULL),
(19, 27, 292, '2024-11-15', '13:00:00', 4, '', '2024-11-14 23:10:57', 0, NULL),
(20, 30, 364, '2024-11-21', '15:00:00', 4, '', '2024-11-14 23:14:00', 0, NULL),
(21, 27, 295, '2024-11-18', '10:00:00', 4, '', '2024-11-14 23:17:03', 0, NULL),
(22, 27, 296, '2024-11-18', '10:45:00', 2, '', '2024-11-14 23:18:24', 0, NULL),
(23, 30, 360, '2024-11-21', '13:00:00', 3, '', '2024-11-14 23:21:04', 0, NULL),
(24, 28, 288, '2024-11-15', '10:00:00', 4, '', '2024-11-15 00:21:50', 0, NULL),
(25, 27, 294, '2024-11-15', '14:30:00', 4, '', '2024-11-15 00:35:37', 0, NULL),
(26, 32, 330, '2024-11-25', '10:00:00', 4, '', '2024-11-23 19:39:24', 0, NULL),
(27, 32, 372, '2024-11-23', '16:39:00', 4, '', '2024-11-23 20:17:49', 0, NULL),
(28, 19, 370, '2024-11-25', '16:56:00', 3, '', '2024-11-23 20:22:24', 0, NULL),
(29, 32, 331, '2024-11-25', '10:45:00', 4, '', '2024-11-24 19:56:34', 0, NULL),
(30, 32, 332, '2024-11-25', '11:30:00', 4, '', '2024-11-24 19:58:46', 0, NULL),
(31, 19, 369, '2024-11-25', '16:11:00', 4, '', '2024-11-24 20:10:46', 0, NULL),
(32, 27, 371, '2024-11-25', '17:41:00', 4, '', '2024-11-24 20:14:11', 0, NULL),
(33, 27, 338, '2024-11-26', '10:45:00', 4, '', '2024-11-24 20:17:50', 0, NULL),
(34, 28, 362, '2024-11-21', '14:00:00', 4, '', '2024-11-27 15:16:56', 0, NULL),
(35, 28, 344, '2024-11-27', '10:00:00', 4, '', '2024-11-27 15:58:45', 0, NULL),
(36, 28, 351, '2024-11-28', '10:00:00', 4, '', '2024-11-27 16:12:48', 0, NULL),
(37, 30, 349, '2024-11-27', '13:45:00', 4, '', '2024-11-27 16:19:00', 0, NULL),
(38, 19, 380, '2024-11-27', '11:15:00', 4, '', '2024-11-28 04:12:46', 0, NULL),
(39, 19, 1111, '2024-11-29', '10:00:00', 4, '', '2024-11-28 04:16:10', 0, NULL),
(40, 32, 1112, '2024-11-29', '11:00:00', 4, '', '2024-11-28 04:16:28', 0, NULL),
(41, 19, 1113, '2024-11-29', '12:00:00', 4, '', '2024-11-28 04:16:48', 0, NULL),
(42, 32, 323, '2024-11-22', '10:00:00', 4, '', '2024-11-28 04:25:30', 0, NULL),
(43, 32, 357, '2024-11-28', '14:30:00', 4, '', '2024-11-28 04:50:03', 0, NULL),
(44, 19, 356, '2024-11-28', '13:45:00', 4, '', '2024-11-28 04:51:31', 0, NULL);

-- --------------------------------------------------------

--
-- Estructura de tabla para la tabla `user`
--

CREATE TABLE `user` (
  `userid` int NOT NULL,
  `idperfil` int NOT NULL DEFAULT '4',
  `nombre_user` varchar(100) COLLATE utf8mb4_general_ci NOT NULL,
  `password` varchar(255) COLLATE utf8mb4_general_ci NOT NULL,
  `estado` tinyint NOT NULL,
  `createdAt` datetime NOT NULL,
  `updateAt` datetime NOT NULL
) ENGINE=InnoDB DEFAULT CHARSET=utf8mb4 COLLATE=utf8mb4_general_ci;

--
-- Volcado de datos para la tabla `user`
--

INSERT INTO `user` (`userid`, `idperfil`, `nombre_user`, `password`, `estado`, `createdAt`, `updateAt`) VALUES
(12, 1, 'admin', '$2b$10$KM4HqtF0LpwZvfw46Xk//OVKoCEraUQ771aS5OAnVydPOItB.ZJBq', 1, '2024-11-10 20:15:44', '2024-11-10 20:15:44'),
(13, 1, 'admin1', '$2a$10$JSXI/1JMv5jCjuVZNHhYKOi../TRjKbDeRLhjVzg42XWi.n9Dc4eq', 1, '2024-11-10 21:41:36', '2024-11-15 00:45:37'),
(15, 4, 'raul@gmail.com', '$2a$10$49EVSURhpA.eUBvbmiUwgeQ5DuKLwoUkp2uBCl9jBZ8hm3A7mMLTi', 1, '2024-11-12 22:38:31', '2024-11-12 22:38:31'),
(16, 2, 'Jose@gmail.com', '$2a$10$vbVO0ysI.2uhz4veynEYLO0PeHt8YSz9g5vp08DTI0o2TRiYuweui', 1, '2024-11-12 22:41:36', '2024-11-12 22:41:36'),
(17, 3, 'mauro', '$2a$10$16P1gVbfZs6J3sTEEL4UqeoAzNLab86jZxFyc14Q0YhrBIXQhuwim', 1, '2024-11-13 22:44:24', '2024-11-13 22:44:24'),
(18, 4, 'paciente', '$2a$10$iqPe.FCUApxV1l12gkKxh.EGl7yRVw9vBcNeJfdZco1HZbkt8Su36', 1, '2024-11-13 22:45:16', '2024-11-13 22:45:16'),
(19, 2, 'rubenj', '$2a$10$IZunBdCZ1epioVY9oyQuUeHO9cmgZa6.CSOkeJJywp7hgMae1Jxn2', 1, '2024-11-14 15:06:30', '2024-11-14 15:06:30'),
(20, 2, 'ludmis', '$2a$10$RGzq5zOXL8q1kyPR/ZIYKu9DZ4yUsLo44o9Qv9dPDy65EjmWrouTO', 1, '2024-11-14 15:07:41', '2024-11-14 15:07:41'),
(21, 2, 'panzudo@gg.com', '$2a$10$Fc55X0wG7odweHCjqFjq..kYHnsEB9y0bXNSRkuwrQ85AycDgbAtm', 1, '2024-11-14 15:12:26', '2024-11-14 15:12:26'),
(22, 2, 'ss@gmail.com', '$2a$10$UkvHz0m7RtalKhodHFSBGeBP6JaefuwFit6MNyn5skee.VIOutgRG', 1, '2024-11-14 15:14:27', '2024-11-14 15:14:27'),
(23, 4, 'pablo@gmail.com', '$2a$10$srL.oLXmIG8PZ/0HwRI.tO2s4KCMzCNg9VnkCiOsQkj1akd6/uoKe', 1, '2024-11-14 15:27:55', '2024-11-14 15:27:55'),
(24, 4, 'sale@gmail.com', '$2a$10$sm5/gHmWr.CMNN366PA39ee6d75lvpYMdLks77Z11PR.6Imo43g4C', 1, '2024-11-14 15:29:15', '2024-11-14 15:29:15'),
(25, 4, 'pp@sas.com', '$2a$10$z.hB47WtUZtl5dOkaxyqtechHSoNav.28hLxTMuYEHIioUk9Yo0h6', 1, '2024-11-14 15:32:28', '2024-11-14 15:32:28'),
(26, 4, 'perla@gmail.com', '$2a$10$/KioNJdCnqAStx3FIxD1HefYme3cC2DJe.WWtykjDlN0ZSVgXJhFq', 1, '2024-11-14 15:37:26', '2024-11-14 15:37:26'),
(27, 3, 'jp@gmail.com', '$2a$10$UvBpkawlR1TnOdgpt4r.S.UOMvQmjdkXdZYRP0uXZsvN5iXvB21W6', 1, '2024-11-14 15:39:16', '2024-11-15 00:42:09'),
(28, 4, 'fede@gmail.com', '$2a$10$esJGaupKEtBDIQP62pcxUO.5fgoxsJzhkUHu.Yvcidf3tyH8I/VAq', 0, '2024-11-14 17:45:27', '2024-11-15 13:43:03');

--
-- Índices para tablas volcadas
--

--
-- Indices de la tabla `agenda`
--
ALTER TABLE `agenda`
  ADD PRIMARY KEY (`agendaid`),
  ADD KEY `persona_id` (`persona_id`),
  ADD KEY `medico_id` (`medico_id`),
  ADD KEY `sucursal_id` (`sucursal_id`),
  ADD KEY `ttipoid` (`ttipoid`);

--
-- Indices de la tabla `calendar`
--
ALTER TABLE `calendar`
  ADD PRIMARY KEY (`calendarid`),
  ADD KEY `agendaid` (`agendaid`);

--
-- Indices de la tabla `especialidad`
--
ALTER TABLE `especialidad`
  ADD PRIMARY KEY (`especialidadId`);

--
-- Indices de la tabla `estado`
--
ALTER TABLE `estado`
  ADD PRIMARY KEY (`estadoid`);

--
-- Indices de la tabla `medicos`
--
ALTER TABLE `medicos`
  ADD PRIMARY KEY (`medicoid`),
  ADD KEY `personaid` (`personaid`),
  ADD KEY `especialidadId` (`especialidadId`);

--
-- Indices de la tabla `medico_esp`
--
ALTER TABLE `medico_esp`
  ADD PRIMARY KEY (`medicoid`),
  ADD KEY `especialidadid` (`especialidadid`),
  ADD KEY `medicoid` (`medicoid`);

--
-- Indices de la tabla `obra_social`
--
ALTER TABLE `obra_social`
  ADD PRIMARY KEY (`id_obra_social`);

--
-- Indices de la tabla `perfil`
--
ALTER TABLE `perfil`
  ADD PRIMARY KEY (`perfilid`);

--
-- Indices de la tabla `persona`
--
ALTER TABLE `persona`
  ADD PRIMARY KEY (`personaid`),
  ADD UNIQUE KEY `dni_2` (`dni`),
  ADD KEY `persona_ibfk_1` (`userid`),
  ADD KEY `dni` (`dni`),
  ADD KEY `obra_social` (`obra_social`);

--
-- Indices de la tabla `sucursal`
--
ALTER TABLE `sucursal`
  ADD PRIMARY KEY (`sucursalid`);

--
-- Indices de la tabla `tipoatencion`
--
ALTER TABLE `tipoatencion`
  ADD PRIMARY KEY (`atencionid`);

--
-- Indices de la tabla `turno`
--
ALTER TABLE `turno`
  ADD PRIMARY KEY (`turniid`),
  ADD KEY `calendar-id` (`calendar_id`),
  ADD KEY `estadoturno_id` (`estadoturno_id`);

--
-- Indices de la tabla `user`
--
ALTER TABLE `user`
  ADD PRIMARY KEY (`userid`),
  ADD KEY `nombre_user` (`nombre_user`),
  ADD KEY `idperfil` (`idperfil`);

--
-- AUTO_INCREMENT de las tablas volcadas
--

--
-- AUTO_INCREMENT de la tabla `agenda`
--
ALTER TABLE `agenda`
  MODIFY `agendaid` int NOT NULL AUTO_INCREMENT, AUTO_INCREMENT=55;

--
-- AUTO_INCREMENT de la tabla `calendar`
--
ALTER TABLE `calendar`
  MODIFY `calendarid` int NOT NULL AUTO_INCREMENT, AUTO_INCREMENT=1114;

--
-- AUTO_INCREMENT de la tabla `especialidad`
--
ALTER TABLE `especialidad`
  MODIFY `especialidadId` int NOT NULL AUTO_INCREMENT, AUTO_INCREMENT=29;

--
-- AUTO_INCREMENT de la tabla `estado`
--
ALTER TABLE `estado`
  MODIFY `estadoid` int NOT NULL AUTO_INCREMENT, AUTO_INCREMENT=10;

--
-- AUTO_INCREMENT de la tabla `medicos`
--
ALTER TABLE `medicos`
  MODIFY `medicoid` int NOT NULL AUTO_INCREMENT, AUTO_INCREMENT=9;

--
-- AUTO_INCREMENT de la tabla `obra_social`
--
ALTER TABLE `obra_social`
  MODIFY `id_obra_social` int NOT NULL AUTO_INCREMENT, AUTO_INCREMENT=7;

--
-- AUTO_INCREMENT de la tabla `perfil`
--
ALTER TABLE `perfil`
  MODIFY `perfilid` int NOT NULL AUTO_INCREMENT, AUTO_INCREMENT=5;

--
-- AUTO_INCREMENT de la tabla `persona`
--
ALTER TABLE `persona`
  MODIFY `personaid` int NOT NULL AUTO_INCREMENT, AUTO_INCREMENT=33;

--
-- AUTO_INCREMENT de la tabla `sucursal`
--
ALTER TABLE `sucursal`
  MODIFY `sucursalid` int NOT NULL AUTO_INCREMENT, AUTO_INCREMENT=5;

--
-- AUTO_INCREMENT de la tabla `tipoatencion`
--
ALTER TABLE `tipoatencion`
  MODIFY `atencionid` int NOT NULL AUTO_INCREMENT, AUTO_INCREMENT=7;

--
-- AUTO_INCREMENT de la tabla `turno`
--
ALTER TABLE `turno`
  MODIFY `turniid` int NOT NULL AUTO_INCREMENT, AUTO_INCREMENT=45;

--
-- AUTO_INCREMENT de la tabla `user`
--
ALTER TABLE `user`
  MODIFY `userid` int NOT NULL AUTO_INCREMENT, AUTO_INCREMENT=29;

--
-- Restricciones para tablas volcadas
--

--
-- Filtros para la tabla `agenda`
--
ALTER TABLE `agenda`
  ADD CONSTRAINT `agenda_ibfk_1` FOREIGN KEY (`persona_id`) REFERENCES `persona` (`personaid`),
  ADD CONSTRAINT `agenda_ibfk_2` FOREIGN KEY (`medico_id`) REFERENCES `medicos` (`medicoid`),
  ADD CONSTRAINT `agenda_ibfk_3` FOREIGN KEY (`sucursal_id`) REFERENCES `sucursal` (`sucursalid`),
  ADD CONSTRAINT `agenda_ibfk_4` FOREIGN KEY (`ttipoid`) REFERENCES `tipoatencion` (`atencionid`);

--
-- Filtros para la tabla `calendar`
--
ALTER TABLE `calendar`
  ADD CONSTRAINT `calendar_ibfk_1` FOREIGN KEY (`agendaid`) REFERENCES `agenda` (`agendaid`);

--
-- Filtros para la tabla `medicos`
--
ALTER TABLE `medicos`
  ADD CONSTRAINT `medicos_ibfk_1` FOREIGN KEY (`personaid`) REFERENCES `persona` (`personaid`),
  ADD CONSTRAINT `medicos_ibfk_2` FOREIGN KEY (`especialidadId`) REFERENCES `especialidad` (`especialidadId`);

--
-- Filtros para la tabla `medico_esp`
--
ALTER TABLE `medico_esp`
  ADD CONSTRAINT `medico_esp_ibfk_1` FOREIGN KEY (`medicoid`) REFERENCES `medicos` (`medicoid`),
  ADD CONSTRAINT `medico_esp_ibfk_2` FOREIGN KEY (`especialidadid`) REFERENCES `especialidad` (`especialidadId`);

--
-- Filtros para la tabla `persona`
--
ALTER TABLE `persona`
  ADD CONSTRAINT `persona_ibfk_1` FOREIGN KEY (`userid`) REFERENCES `user` (`userid`),
  ADD CONSTRAINT `persona_ibfk_2` FOREIGN KEY (`obra_social`) REFERENCES `obra_social` (`id_obra_social`) ON DELETE RESTRICT ON UPDATE RESTRICT;

--
-- Filtros para la tabla `turno`
--
ALTER TABLE `turno`
  ADD CONSTRAINT `turno_ibfk_1` FOREIGN KEY (`calendar_id`) REFERENCES `calendar` (`calendarid`),
  ADD CONSTRAINT `turno_ibfk_2` FOREIGN KEY (`estadoturno_id`) REFERENCES `estado` (`estadoid`);

--
-- Filtros para la tabla `user`
--
ALTER TABLE `user`
  ADD CONSTRAINT `user_ibfk_1` FOREIGN KEY (`idperfil`) REFERENCES `perfil` (`perfilid`);
COMMIT;

/*!40101 SET CHARACTER_SET_CLIENT=@OLD_CHARACTER_SET_CLIENT */;
/*!40101 SET CHARACTER_SET_RESULTS=@OLD_CHARACTER_SET_RESULTS */;
/*!40101 SET COLLATION_CONNECTION=@OLD_COLLATION_CONNECTION */;
